game_id,date,league,country,round,referee,venue,capacity,home_team,away_team,home_score,away_score,xG_home,xG_away,total_shots_home,total_shots_away,shots_on_target_home,shots_on_target_away,big_chances_home,big_chances_away,corners_home,corners_away,xG_on_target_home,xG_on_target_away,shots_off_target_home,shots_off_target_away,blocked_shots_home,blocked_shots_away,shots_inside_the_box_home,shots_inside_the_box_away,shots_outside_the_box_home,shots_outside_the_box_away,woodwork_home,woodwork_away,xA_home,xA_away,xGOT_faced_home,xGOT_faced_away,possession_home,possession_away,touches_in_opposition_home,touches_in_opposition_away,total_passes_home,total_passes_away,successful_passes_home,successful_passes_away,through_passes_home,through_passes_away,total_long_passes_home,total_long_passes_away,successful_long_passes_home,successful_long_passes_away,passes_in_final_third_home,passes_in_final_third_away,successful_passes_in_final_third_home,successful_passes_in_final_third_away,total_crosses_home,total_crosses_away,successful_crosses_home,successful_crosses_away,offsides_home,offsides_away,free_kicks_home,free_kicks_away,throw_ins_home,throw_ins_away,fouls_home,fouls_away,tackles_home,tackles_away,successful_tackles_home,successful_tackles_away,duels_won_home,duels_won_away,clearances_home,clearances_away,interceptions_home,interceptions_away,errors_leading_to_goal_home,errors_leading_to_goal_away,errors_leading_to_shot_home,errors_leading_to_shot_away,goalkeeper_saves_home,goalkeeper_saves_away,goals_prevented_home,goals_prevented_away,yellow_cards_home,yellow_cards_away,red_cards_home,red_cards_away,penalty_home,penalty_away
1,2025-05-31 12:40:00,a-league,australia,play offs - final,kersey a. (aus),aami park (melbourne),30050,Melbourne City,Melbourne Victory,1,0,1.45,0.95,8,14,4,3,4,1,4,4,1.03,0.64,4,3,0,8,6,9,2,5,1,0,1.02,0.68,0.64,1.03,47,53,15,22,317,357,236,264,0,0,53,62,17,26,0,0,47,82,13,15,3,4,1,0,15,19,0,0,19,15,25,13,13,7,68,68,45,21,8,13,0,0,0,1,3,3,0,0,4,3,0,0,0,0
2,2025-05-31 12:40:00,a-league,australia,play offs - final,kersey a. (aus),aami park (melbourne),30050,Melbourne City,Melbourne Victory,1,0,1.45,0.95,8,14,4,3,4,1,4,4,1.03,0.64,4,3,0,8,6,9,2,5,1,0,1.02,0.68,0.64,1.03,47,53,15,22,317,357,236,264,0,0,53,62,17,26,0,0,47,82,13,15,3,4,1,0,15,19,0,0,19,15,25,13,13,7,68,68,45,21,8,13,0,0,0,1,3,3,0,0,4,3,0,0,0,0
3,2025-05-24 12:35:00,a-league,australia,play offs - semi-finals,kersey a. (aus),aami park (melbourne),30050,Melbourne City,Western United,1,1,2.28,1.84,23,11,7,7,5,5,4,3,2.42,2.26,9,3,7,1,18,7,5,4,0,1,1.88,1.28,2.26,2.42,52,48,43,18,498,454,403,352,3,0,78,56,24,20,0,0,114,45,16,11,3,1,1,1,14,12,0,0,12,14,20,16,13,11,55,66,34,25,9,8,1,0,0,1,6,6,1,1,2,1,0,0,0,0
4,2025-05-16 12:35:00,a-league,australia,play offs - semi-finals,evans s. (aus),ironbark fields (melbourne),5000,Western United,Melbourne City,0,3,1.22,1.36,14,13,4,4,3,3,3,2,0.42,2.07,7,7,3,2,7,8,7,5,0,0,0.79,0.98,2.07,0.42,50,50,16,25,417,427,312,333,0,0,69,73,23,22,0,0,49,75,14,9,5,5,3,1,13,5,0,0,5,13,21,14,10,8,63,46,24,32,6,11,0,0,0,0,1,4,0,0,3,3,0,0,0,0
5,2025-05-03 10:00:00,a-league,australia,round 29,kersey a. (aus),aami park (melbourne),30050,Melbourne City,Sydney FC,5,1,2.47,0.4,21,9,9,4,4,1,4,3,2.31,1.23,9,3,3,2,15,6,6,3,0,2,1.28,0.76,1.23,2.31,52,48,28,15,474,443,393,354,2,1,58,51,25,13,0,0,80,75,9,9,2,3,2,1,14,14,0,0,14,14,20,13,14,10,61,59,24,19,5,4,0,0,0,2,3,4,0,-2,0,4,0,0,0,0
6,2025-04-26 12:35:00,a-league,australia,round 28,evans s. (aus),aami park (melbourne),30050,Melbourne City,Adelaide United,0,0,2.06,0.52,17,6,7,2,6,1,8,2,0.87,0.43,6,1,4,3,9,6,8,0,0,0,1.22,0.39,0.43,0.87,56,44,27,17,507,401,414,313,3,0,41,62,19,19,0,0,128,57,19,10,3,1,3,3,7,9,0,0,9,7,21,16,13,9,46,44,16,34,3,9,0,0,1,0,2,7,0,0,2,3,0,0,0,0
7,2025-05-31 12:40:00,a-league,australia,play offs - final,kersey a. (aus),aami park (melbourne),30050,Melbourne City,Melbourne Victory,1,0,1.45,0.95,8,14,4,3,4,1,4,4,1.03,0.64,4,3,0,8,6,9,2,5,1,0,1.02,0.68,0.64,1.03,47,53,15,22,317,357,236,264,0,0,53,62,17,26,0,0,47,82,13,15,3,4,1,0,15,19,0,0,19,15,25,13,13,7,68,68,45,21,8,13,0,0,0,1,3,3,0,0,4,3,0,0,0,0
8,2025-05-24 09:00:00,a-league,australia,play offs - semi-finals,king a. (aus),go media stadium (auckland),25000,Auckland FC,Melbourne Victory,0,2,0.8,1.34,11,12,3,2,2,2,7,3,0.16,0.6,5,4,3,6,11,8,0,4,0,0,0.48,0.73,0.6,0.16,55,45,34,16,359,303,247,205,0,1,66,61,23,14,0,0,65,54,24,13,7,4,0,3,11,11,0,0,11,11,33,27,22,17,77,72,23,51,5,4,0,0,0,1,0,3,-1,0,3,3,0,0,0,0
9,2025-05-17 12:35:00,a-league,australia,play offs - semi-finals,abraham b. (aus),aami park (melbourne),30050,Melbourne Victory,Auckland FC,0,1,0.24,1.56,9,15,0,2,0,2,9,5,0.0,0.37,3,8,6,5,2,11,7,4,0,1,0.56,0.98,0.37,0.0,60,40,22,27,443,290,344,188,0,1,67,57,22,20,0,0,113,56,18,19,0,6,1,5,8,10,0,0,10,8,19,28,10,16,48,68,28,32,7,17,0,0,1,0,1,0,0,0,1,1,0,0,0,0
10,2025-05-10 12:35:00,a-league,australia,play offs - quarter-finals,kersey a. (aus),commbank stadium (sydney),30000,WS Wanderers,Melbourne Victory,1,2,1.11,0.85,15,11,4,5,1,2,4,8,0.93,0.86,7,2,4,4,10,10,5,1,0,0,0.62,1.27,0.86,0.93,56,44,20,28,435,338,358,249,0,1,53,57,26,22,0,0,82,89,22,16,3,4,1,1,13,5,0,0,5,13,20,22,12,13,52,48,26,34,11,9,0,0,0,2,3,3,-1,0,0,2,0,0,0,0
11,2025-05-04 10:00:00,a-league,australia,round 29,evans s. (aus),aami park (melbourne),30050,Melbourne Victory,Newcastle Jets,1,1,1.32,0.49,22,14,5,3,0,0,7,7,1.08,0.42,8,8,9,3,12,6,10,8,1,0,1.11,0.38,0.42,1.08,58,42,42,23,537,375,453,304,0,0,56,39,29,15,0,0,176,61,12,19,2,3,2,2,10,9,0,0,9,10,24,19,15,10,57,39,23,32,3,9,1,0,1,0,2,4,0,0,1,1,0,0,0,0
12,2025-05-31 12:40:00,a-league,australia,play offs - final,kersey a. (aus),aami park (melbourne),30050,Melbourne City,Melbourne Victory,1,0,1.45,0.95,8,14,4,3,4,1,4,4,1.03,0.64,4,3,0,8,6,9,2,5,1,0,1.02,0.68,0.64,1.03,47,53,15,22,317,357,236,264,0,0,53,62,17,26,0,0,47,82,13,15,3,4,1,0,15,19,0,0,19,15,25,13,13,7,68,68,45,21,8,13,0,0,0,1,3,3,0,0,4,3,0,0,0,0
13,2025-05-31 12:40:00,a-league,australia,play offs - final,kersey a. (aus),aami park (melbourne),30050,Melbourne City,Melbourne Victory,1,0,1.45,0.95,8,14,4,3,4,1,4,4,1.03,0.64,4,3,0,8,6,9,2,5,1,0,1.02,0.68,0.64,1.03,47,53,15,22,317,357,236,264,0,0,53,62,17,26,0,0,47,82,13,15,3,4,1,0,15,19,0,0,19,15,25,13,13,7,68,68,45,21,8,13,0,0,0,1,3,3,0,0,4,3,0,0,0,0
14,2025-05-24 12:35:00,a-league,australia,play offs - semi-finals,kersey a. (aus),aami park (melbourne),30050,Melbourne City,Western United,1,1,2.28,1.84,23,11,7,7,5,5,4,3,2.42,2.26,9,3,7,1,18,7,5,4,0,1,1.88,1.28,2.26,2.42,52,48,43,18,498,454,403,352,3,0,78,56,24,20,0,0,114,45,16,11,3,1,1,1,14,12,0,0,12,14,20,16,13,11,55,66,34,25,9,8,1,0,0,1,6,6,1,1,2,1,0,0,0,0
15,2025-05-16 12:35:00,a-league,australia,play offs - semi-finals,evans s. (aus),ironbark fields (melbourne),5000,Western United,Melbourne City,0,3,1.22,1.36,14,13,4,4,3,3,3,2,0.42,2.07,7,7,3,2,7,8,7,5,0,0,0.79,0.98,2.07,0.42,50,50,16,25,417,427,312,333,0,0,69,73,23,22,0,0,49,75,14,9,5,5,3,1,13,5,0,0,5,13,21,14,10,8,63,46,24,32,6,11,0,0,0,0,1,4,0,0,3,3,0,0,0,0
16,2025-05-03 10:00:00,a-league,australia,round 29,kersey a. (aus),aami park (melbourne),30050,Melbourne City,Sydney FC,5,1,2.47,0.4,21,9,9,4,4,1,4,3,2.31,1.23,9,3,3,2,15,6,6,3,0,2,1.28,0.76,1.23,2.31,52,48,28,15,474,443,393,354,2,1,58,51,25,13,0,0,80,75,9,9,2,3,2,1,14,14,0,0,14,14,20,13,14,10,61,59,24,19,5,4,0,0,0,2,3,4,0,-2,0,4,0,0,0,0
17,2025-04-26 12:35:00,a-league,australia,round 28,evans s. (aus),aami park (melbourne),30050,Melbourne City,Adelaide United,0,0,2.06,0.52,17,6,7,2,6,1,8,2,0.87,0.43,6,1,4,3,9,6,8,0,0,0,1.22,0.39,0.43,0.87,56,44,27,17,507,401,414,313,3,0,41,62,19,19,0,0,128,57,19,10,3,1,3,3,7,9,0,0,9,7,21,16,13,9,46,44,16,34,3,9,0,0,1,0,2,7,0,0,2,3,0,0,0,0
18,2025-05-31 12:40:00,a-league,australia,play offs - final,kersey a. (aus),aami park (melbourne),30050,Melbourne City,Melbourne Victory,1,0,1.45,0.95,8,14,4,3,4,1,4,4,1.03,0.64,4,3,0,8,6,9,2,5,1,0,1.02,0.68,0.64,1.03,47,53,15,22,317,357,236,264,0,0,53,62,17,26,0,0,47,82,13,15,3,4,1,0,15,19,0,0,19,15,25,13,13,7,68,68,45,21,8,13,0,0,0,1,3,3,0,0,4,3,0,0,0,0
19,2025-05-24 09:00:00,a-league,australia,play offs - semi-finals,king a. (aus),go media stadium (auckland),25000,Auckland FC,Melbourne Victory,0,2,0.8,1.34,11,12,3,2,2,2,7,3,0.16,0.6,5,4,3,6,11,8,0,4,0,0,0.48,0.73,0.6,0.16,55,45,34,16,359,303,247,205,0,1,66,61,23,14,0,0,65,54,24,13,7,4,0,3,11,11,0,0,11,11,33,27,22,17,77,72,23,51,5,4,0,0,0,1,0,3,-1,0,3,3,0,0,0,0
20,2025-05-17 12:35:00,a-league,australia,play offs - semi-finals,abraham b. (aus),aami park (melbourne),30050,Melbourne Victory,Auckland FC,0,1,0.24,1.56,9,15,0,2,0,2,9,5,0.0,0.37,3,8,6,5,2,11,7,4,0,1,0.56,0.98,0.37,0.0,60,40,22,27,443,290,344,188,0,1,67,57,22,20,0,0,113,56,18,19,0,6,1,5,8,10,0,0,10,8,19,28,10,16,48,68,28,32,7,17,0,0,1,0,1,0,0,0,1,1,0,0,0,0
21,2025-05-10 12:35:00,a-league,australia,play offs - quarter-finals,kersey a. (aus),commbank stadium (sydney),30000,WS Wanderers,Melbourne Victory,1,2,1.11,0.85,15,11,4,5,1,2,4,8,0.93,0.86,7,2,4,4,10,10,5,1,0,0,0.62,1.27,0.86,0.93,56,44,20,28,435,338,358,249,0,1,53,57,26,22,0,0,82,89,22,16,3,4,1,1,13,5,0,0,5,13,20,22,12,13,52,48,26,34,11,9,0,0,0,2,3,3,-1,0,0,2,0,0,0,0
22,2025-05-04 10:00:00,a-league,australia,round 29,evans s. (aus),aami park (melbourne),30050,Melbourne Victory,Newcastle Jets,1,1,1.32,0.49,22,14,5,3,0,0,7,7,1.08,0.42,8,8,9,3,12,6,10,8,1,0,1.11,0.38,0.42,1.08,58,42,42,23,537,375,453,304,0,0,56,39,29,15,0,0,176,61,12,19,2,3,2,2,10,9,0,0,9,10,24,19,15,10,57,39,23,32,3,9,1,0,1,0,2,4,0,0,1,1,0,0,0,0
23,2025-05-31 12:40:00,a-league,australia,play offs - final,kersey a. (aus),aami park (melbourne),30050,Melbourne City,Melbourne Victory,1,0,1.45,0.95,8,14,4,3,4,1,4,4,1.03,0.64,4,3,0,8,6,9,2,5,1,0,1.02,0.68,0.64,1.03,47,53,15,22,317,357,236,264,0,0,53,62,17,26,0,0,47,82,13,15,3,4,1,0,15,19,0,0,19,15,25,13,13,7,68,68,45,21,8,13,0,0,0,1,3,3,0,0,4,3,0,0,0,0
24,2025-05-31 01:00:00,serie b superbet,brazil,round 10,belence p. (bra),estádio onésio brasileiro alvarenga (goiânia),11788,Vila Nova FC,Novorizontino,0,1,1.08,0.37,17,8,7,1,0,0,13,2,1.59,0.46,7,6,3,1,10,2,7,6,1,0,1.23,0.43,0.46,1.59,55,45,30,8,336,301,261,243,0,0,42,57,15,21,0,0,105,51,42,8,9,4,0,1,19,14,0,0,14,19,14,17,10,14,66,52,11,66,4,5,0,0,0,0,0,7,0,1,2,7,1,1,0,0
25,2025-05-27 03:00:00,serie b superbet,brazil,round 9,mendes f. (bra),arena pantanal (cuiabá),44000,Cuiaba,Vila Nova FC,1,0,0.74,0.19,13,8,6,2,0,0,4,1,0.68,0.08,3,6,4,0,7,2,6,6,1,0,0.65,0.23,0.08,0.68,55,45,16,4,447,384,370,305,0,0,60,49,26,17,0,0,110,45,26,9,6,2,2,3,11,17,0,0,17,11,12,10,9,6,47,49,29,34,6,5,0,0,2,0,2,5,0,0,5,2,0,1,0,0
26,2025-05-31 22:00:00,serie b superbet,brazil,round 10,vasconcelos b. (bra),estádio couto pereira (curitiba),40502,Coritiba,Avai,2,1,0.63,0.4,13,8,6,5,1,2,4,2,1.54,0.68,5,3,2,0,6,5,7,3,0,0,0.94,0.69,0.68,1.54,42,58,17,17,301,417,227,333,0,1,52,73,22,39,0,0,65,71,16,14,3,3,0,3,9,11,0,0,11,9,18,16,13,10,51,56,34,19,9,5,0,1,0,0,4,4,0,0,2,2,0,0,0,0
27,2025-05-27 01:00:00,serie b superbet,brazil,round 9,vollkopf p. (bra),estádio heriberto hülse (criciúma),19300,Criciuma,Coritiba,0,1,1.18,0.51,18,11,6,4,0,0,9,2,0.97,0.59,8,3,4,4,10,4,8,7,0,1,0.73,0.28,0.59,0.97,48,52,23,12,385,441,313,377,0,0,50,63,28,26,0,0,70,84,37,18,9,1,0,2,6,17,0,0,17,6,15,12,10,6,44,50,35,40,9,11,0,0,0,1,3,6,0,0,4,5,0,0,0,0
28,2025-05-20 03:35:00,serie b superbet,brazil,round 8,gomes stefano a. (bra),estádio couto pereira (curitiba),40502,Coritiba,America MG,1,0,0.57,0.74,9,17,6,11,1,0,9,6,1.12,0.71,1,2,2,4,5,8,4,9,0,0,0.45,0.78,0.71,1.12,41,59,9,18,297,438,244,359,1,0,49,60,28,19,0,0,43,68,22,30,1,10,4,1,12,22,0,0,22,12,19,13,13,11,43,57,32,27,2,3,0,0,0,0,11,5,0,0,5,3,0,0,0,0
29,2025-05-11 00:30:00,serie b superbet,brazil,round 7,pinheiro j. (bra),estádio da serrinha (goiania),14450,Goias,Coritiba,1,0,1.53,0.62,18,7,4,1,2,0,5,7,0.79,0.0,12,4,2,2,11,4,7,3,0,0,1.55,0.42,0.0,0.79,45,55,25,11,362,465,282,391,0,0,53,56,27,26,0,0,100,43,27,17,9,3,0,2,4,13,0,0,13,4,12,9,7,4,35,37,16,23,7,10,0,0,0,0,1,3,0,0,1,0,0,0,0,0
30,2025-05-03 03:35:00,serie b superbet,brazil,round 6,mendes f. (bra),estadio dr. adhemar de barros (sao paulo),20000,Ferroviaria,Coritiba,2,1,1.28,0.7,13,9,5,2,3,0,2,6,1.17,0.33,5,5,3,2,7,7,6,2,2,0,0.96,0.54,0.33,1.17,53,47,20,19,454,402,387,343,0,0,51,53,25,30,0,0,74,51,19,15,6,3,0,4,16,9,0,0,9,16,12,15,5,13,36,36,16,13,6,10,0,0,0,0,1,3,0,-1,2,5,0,0,0,0
31,2025-05-31 22:00:00,serie b superbet,brazil,round 10,vasconcelos b. (bra),estádio couto pereira (curitiba),40502,Coritiba,Avai,2,1,0.63,0.4,13,8,6,5,1,2,4,2,1.54,0.68,5,3,2,0,6,5,7,3,0,0,0.94,0.69,0.68,1.54,42,58,17,17,301,417,227,333,0,1,52,73,22,39,0,0,65,71,16,14,3,3,0,3,9,11,0,0,11,9,18,16,13,10,51,56,34,19,9,5,0,1,0,0,4,4,0,0,2,2,0,0,0,0
32,2025-05-25 00:30:00,serie b superbet,brazil,round 9,claus r. (bra),ressacada (florianópolis),17800,Avai,Chapecoense-SC,2,1,2.28,0.75,20,17,6,2,3,1,5,9,2.21,0.16,9,11,5,4,10,9,10,7,0,0,1.64,1.22,0.16,2.21,45,55,22,23,373,464,299,378,0,0,60,58,31,26,0,0,67,76,21,18,5,2,1,0,10,8,0,0,8,10,11,12,6,8,42,42,33,23,6,6,0,1,0,0,1,4,0,0,2,2,0,0,0,0
33,2025-05-16 03:35:00,serie b superbet,brazil,round 8,ferreira y. (bra),arena fonte luminosa (araraquara),20205,Ferroviaria,Avai,1,1,0.76,1.37,16,12,6,2,1,3,3,10,0.82,1.09,3,8,7,2,7,7,8,5,0,1,0.5,1.25,1.09,0.82,67,33,16,17,579,279,505,217,0,0,63,59,34,33,0,0,79,46,21,18,3,4,2,4,11,5,0,0,5,11,11,4,10,4,49,33,26,24,5,10,0,0,1,0,1,5,0,0,0,2,0,0,0,0
34,2025-05-10 22:00:00,serie b superbet,brazil,round 7,do nascimento w. (bra),ressacada (florianópolis),17800,Avai,Atletico GO,0,0,2.44,0.29,19,11,5,3,2,0,6,4,0.38,0.05,9,5,5,3,12,3,7,8,1,0,1.08,0.76,0.05,0.38,55,45,28,12,447,370,341,266,0,0,48,108,23,50,0,0,84,57,19,14,5,7,2,2,8,13,0,0,13,8,11,13,7,11,42,48,29,40,8,13,0,0,0,0,3,5,0,0,3,2,0,0,0,0
35,2025-05-06 01:00:00,serie b superbet,brazil,round 6,santos sa junior f. a. (bra),estádio da serrinha (goiania),14450,Goias,Avai,2,1,1.36,0.9,26,14,7,3,0,1,13,5,1.49,0.65,11,6,8,5,12,8,14,6,1,0,0.9,0.61,0.65,1.49,63,37,27,20,394,236,322,164,0,0,56,52,28,22,0,0,115,43,33,16,7,3,2,6,10,12,0,0,12,10,6,18,4,14,34,46,18,32,2,7,1,0,0,0,2,5,0,0,2,4,0,1,0,0
36,2025-05-31 22:00:00,serie b superbet,brazil,round 10,vasconcelos b. (bra),estádio couto pereira (curitiba),40502,Coritiba,Avai,2,1,0.63,0.4,13,8,6,5,1,2,4,2,1.54,0.68,5,3,2,0,6,5,7,3,0,0,0.94,0.69,0.68,1.54,42,58,17,17,301,417,227,333,0,1,52,73,22,39,0,0,65,71,16,14,3,3,0,3,9,11,0,0,11,9,18,16,13,10,51,56,34,19,9,5,0,1,0,0,4,4,0,0,2,2,0,0,0,0
38,2025-05-31 03:00:00,liga pro,ecuador,round 15,guerrero g. (ecu),estadio bellavista (ambato),16467,Macara,Manta,2,2,0.64,1.11,14,8,3,5,2,2,6,3,1.23,1.36,6,2,5,1,4,4,10,4,0,0,0.49,0.64,1.36,1.23,48,52,12,12,288,328,201,242,0,1,62,52,29,15,0,0,76,39,21,12,3,2,1,0,14,15,0,0,15,14,17,6,9,5,52,42,21,28,11,22,0,0,0,0,3,1,0,0,3,4,0,0,0,0
39,2025-05-25 21:00:00,liga pro,ecuador,round 14,aragon a. (ecu),estadio federativo reina del cisne (loja),14935,Libertad,Macara,0,1,0.36,1.06,10,12,2,5,1,2,8,4,0.18,0.65,4,4,4,3,6,9,4,3,0,0,0.52,0.77,0.65,0.18,63,37,20,18,403,247,284,138,0,0,73,83,32,23,0,0,68,49,37,15,4,5,3,5,18,16,0,0,16,18,9,20,7,10,64,62,30,49,5,9,0,0,1,0,4,2,0,0,3,2,0,0,0,0
40,2025-05-18 03:00:00,liga pro,ecuador,round 13,cajas a. (ecu),estadio bellavista (ambato),16467,Macara,EL Nacional,1,1,1.01,0.93,18,10,2,2,1,2,8,5,0.24,1.05,12,5,4,3,10,5,8,5,2,1,0.73,1.16,1.05,0.24,52,48,24,15,292,271,216,198,0,0,52,51,29,17,0,0,45,45,17,19,7,7,1,3,13,12,0,0,12,13,13,16,10,9,52,47,23,23,7,12,0,0,0,0,1,1,0,0,1,4,0,0,0,0
41,2025-05-10 23:30:00,liga pro,ecuador,round 12,zambrano y. (ecu),estadio bellavista (ambato),16467,Macara,LDU Quito,0,1,1.73,1.15,21,18,3,2,5,2,5,6,0.09,0.2,12,8,6,8,14,7,7,11,0,0,1.32,0.99,0.2,0.09,50,50,30,19,339,356,276,295,0,0,60,58,34,23,0,0,83,82,25,16,10,4,1,4,18,7,0,0,7,18,19,15,12,11,54,49,31,32,11,15,0,0,0,1,1,3,0,0,2,2,0,0,0,0
42,2025-05-04 03:00:00,liga pro,ecuador,round 11,contreras o. (ecu),estadio bellavista (ambato),16467,Mushuc Runa,Macara,4,3,1.26,0.73,23,16,12,7,2,1,9,3,2.13,1.38,6,6,5,3,13,6,10,10,0,0,0.9,0.7,1.38,2.13,54,46,28,21,345,316,241,218,0,0,91,81,43,41,0,0,90,63,34,7,10,1,0,2,13,5,0,0,5,13,13,8,10,8,49,40,16,40,9,7,0,0,0,0,4,8,-1,-1,0,2,0,0,0,0
43,2025-05-31 03:00:00,liga pro,ecuador,round 15,guerrero g. (ecu),estadio bellavista (ambato),16467,Macara,Manta,2,2,0.64,1.11,14,8,3,5,2,2,6,3,1.23,1.36,6,2,5,1,4,4,10,4,0,0,0.49,0.64,1.36,1.23,48,52,12,12,288,328,201,242,0,1,62,52,29,15,0,0,76,39,21,12,3,2,1,0,14,15,0,0,15,14,17,6,9,5,52,42,21,28,11,22,0,0,0,0,3,1,0,0,3,4,0,0,0,0
44,2025-05-24 22:00:00,liga pro,ecuador,round 14,andrade arreaga j. c. (ecu),estadio jocay (manta),22000,Manta,Vinotinto,2,2,2.46,1.45,24,17,5,6,2,1,5,3,1.67,0.96,10,3,9,8,14,10,10,7,0,1,1.27,0.95,0.96,1.67,69,31,32,28,473,226,413,152,0,0,47,65,34,31,0,0,107,51,40,11,11,3,0,1,13,13,0,0,13,13,5,13,2,8,37,42,19,44,5,3,1,0,1,0,4,3,-1,0,2,0,0,0,0,0
45,2025-05-17 22:00:00,liga pro,ecuador,round 13,diaz a. (ecu),estadio gonzalo pozo ripalda (quito),18799,Aucas,Manta,1,1,2.14,0.99,21,11,10,3,6,1,5,2,1.58,1.17,6,3,5,5,13,5,7,6,0,1,1.53,0.5,1.17,1.58,70,30,24,10,514,231,443,139,0,0,57,67,32,11,0,0,117,29,38,7,9,2,2,0,10,9,0,0,9,10,14,17,8,15,42,39,19,36,5,9,0,0,0,0,2,9,0,0,2,4,0,0,0,0
46,2025-05-10 21:00:00,liga pro,ecuador,round 12,congo f. (ecu),estadio jocay (manta),22000,Manta,Mushuc Runa,2,1,1.39,1.96,10,17,5,6,2,3,3,2,1.85,2.37,3,10,2,1,7,13,3,4,0,0,1.19,1.22,2.37,1.85,56,44,18,38,334,257,234,161,2,0,69,94,32,40,0,0,70,68,17,17,4,5,0,2,11,18,0,0,18,11,14,16,8,12,63,64,42,33,7,12,0,0,0,0,5,3,1,0,3,0,0,0,0,0
47,2025-05-03 03:00:00,liga pro,ecuador,round 11,gonzalez g. (ecu),estadio alejandro serrano aguilar (cuenca),16540,Dep. Cuenca,Manta,2,0,0.64,0.28,17,7,7,2,0,0,4,1,0.81,0.04,7,3,3,2,7,3,10,4,1,1,0.54,0.3,0.04,0.81,56,44,23,5,448,344,381,258,0,0,75,58,52,20,0,0,74,37,14,10,4,1,4,0,14,11,0,0,11,14,16,16,13,13,47,33,11,19,14,5,0,0,0,0,2,5,0,0,2,7,0,1,0,0
48,2025-05-31 03:00:00,liga pro,ecuador,round 15,guerrero g. (ecu),estadio bellavista (ambato),16467,Macara,Manta,2,2,0.64,1.11,14,8,3,5,2,2,6,3,1.23,1.36,6,2,5,1,4,4,10,4,0,0,0.49,0.64,1.36,1.23,48,52,12,12,288,328,201,242,0,1,62,52,29,15,0,0,76,39,21,12,3,2,1,0,14,15,0,0,15,14,17,6,9,5,52,42,21,28,11,22,0,0,0,0,3,1,0,0,3,4,0,0,0,0
49,2025-05-31 19:30:00,liga pro,ecuador,round 15,contreras o. (ecu),estadio rodrigo paz delgado (quito),41575,LDU Quito,Tecnico U.,3,2,1.61,0.67,17,11,7,4,1,0,10,3,1.07,1.63,4,3,6,4,8,5,9,6,0,0,2.27,0.98,1.63,1.07,77,23,31,9,555,160,497,94,1,0,64,51,44,13,0,0,122,32,20,7,3,3,2,1,11,11,0,0,11,11,18,20,12,13,51,51,16,36,5,4,0,0,0,0,2,4,0,-1,3,3,0,1,0,0
50,2025-05-29 03:30:00,copa libertadores,south america,group stage - round 6,alveal f. (chi),estadio rodrigo paz delgado (quito),41575,LDU Quito (Ecu),Central Cordoba (Arg),3,0,1.36,1.2,17,18,4,4,3,1,4,2,1.01,0.44,9,7,4,7,9,9,8,9,1,0,0.64,0.76,0.44,1.01,51,49,25,19,400,379,333,304,0,0,45,54,30,24,0,0,70,68,12,17,2,2,2,2,11,11,0,0,11,11,9,16,6,13,48,54,34,26,13,8,0,0,0,2,4,1,0,-1,2,4,0,0,0,0
51,2025-05-25 00:30:00,liga pro,ecuador,round 14,torres cajax a. (ecu),estadio olímpico atahualpa (quito),35258,U. Catolica,LDU Quito,3,1,0.71,1.65,12,19,4,6,2,0,5,9,0.94,0.42,5,8,3,5,6,13,6,6,0,1,0.69,1.37,0.42,0.94,49,51,18,31,373,373,294,283,0,0,61,72,26,40,0,0,55,66,9,17,4,2,3,1,15,11,0,0,11,15,9,14,8,10,39,39,31,12,5,5,0,0,0,0,5,1,0,-1,2,1,0,0,0,0
52,2025-05-20 03:00:00,liga pro,ecuador,round 13,guerrero g. (ecu),estadio rodrigo paz delgado (quito),41575,LDU Quito,Libertad,1,1,0.87,0.77,15,9,5,1,1,0,4,14,0.85,0.13,5,5,5,3,4,4,11,5,1,1,0.75,0.83,0.13,0.85,58,42,18,26,450,315,389,252,0,0,44,58,26,31,0,0,84,79,19,32,4,5,2,3,10,9,0,0,9,10,16,21,14,14,48,41,24,21,14,10,0,0,0,0,0,4,0,0,1,3,0,0,0,0
53,2025-05-16 03:30:00,copa libertadores,south america,group stage - round 5,rojas a. (col),maracanã (rio de janeiro),78838,Flamengo RJ (Bra),LDU Quito (Ecu),2,0,1.46,0.19,15,3,5,0,3,0,10,1,2.24,0.0,6,3,4,0,8,2,7,1,0,0,1.43,0.18,0.0,2.24,62,38,33,8,518,318,449,257,0,0,44,37,28,13,0,0,121,20,26,8,7,3,3,2,18,16,0,0,16,18,18,19,11,11,66,49,13,46,6,4,0,0,0,0,0,3,0,0,1,4,0,0,0,0
54,2025-05-31 19:30:00,liga pro,ecuador,round 15,contreras o. (ecu),estadio rodrigo paz delgado (quito),41575,LDU Quito,Tecnico U.,3,2,1.61,0.67,17,11,7,4,1,0,10,3,1.07,1.63,4,3,6,4,8,5,9,6,0,0,2.27,0.98,1.63,1.07,77,23,31,9,555,160,497,94,1,0,64,51,44,13,0,0,122,32,20,7,3,3,2,1,11,11,0,0,11,11,18,20,12,13,51,51,16,36,5,4,0,0,0,0,2,4,0,-1,3,3,0,1,0,0
55,2025-05-25 23:30:00,liga pro,ecuador,round 14,diaz a. (ecu),estadio bellavista (ambato),16467,Tecnico U.,Delfin,1,2,0.22,0.82,7,7,2,4,0,0,2,6,0.46,1.0,4,2,1,1,2,6,5,1,0,0,0.35,0.96,1.0,0.46,43,57,9,13,253,336,180,254,0,1,49,69,14,28,0,0,31,52,13,18,3,7,1,4,14,12,0,0,12,14,13,13,9,9,46,37,26,14,6,12,0,0,0,0,2,1,-1,0,2,1,1,0,0,0
56,2025-05-17 03:00:00,liga pro,ecuador,round 13,zambrano y. (ecu),estadio alejandro serrano aguilar (cuenca),16540,Dep. Cuenca,Tecnico U.,2,0,1.69,0.19,8,8,5,0,2,1,4,4,1.96,0.0,2,7,1,1,7,6,1,2,1,1,0.7,0.29,0.0,1.96,53,47,13,7,448,390,369,322,1,0,65,46,28,23,0,0,57,76,12,19,2,4,2,0,13,19,0,0,19,13,27,18,23,14,55,52,28,22,9,12,0,0,0,0,0,3,0,0,0,4,0,1,0,0
57,2025-05-11 21:00:00,liga pro,ecuador,round 12,cajas a. (ecu),estadio bellavista (ambato),16467,Tecnico U.,Ind. del Valle,1,2,1.78,2.07,19,14,9,9,4,2,5,10,1.37,3.79,6,2,4,3,12,12,7,2,0,0,1.05,2.07,3.79,1.37,39,61,24,20,310,501,249,442,0,0,51,59,26,34,0,0,64,71,23,23,10,9,1,2,8,13,0,0,13,8,12,14,10,11,38,41,18,29,3,2,0,0,0,1,7,8,1,0,4,2,0,0,0,0
58,2025-05-04 00:30:00,liga pro,ecuador,round 11,guerrero g. (ecu),estadio bellavista (ambato),16467,Tecnico U.,U. Catolica,1,1,0.53,1.24,9,12,4,1,1,2,4,2,0.74,0.79,5,8,0,3,6,4,3,8,0,0,0.41,0.41,0.79,0.74,32,68,13,18,225,490,157,411,0,0,39,47,9,25,0,0,37,91,13,18,3,2,3,0,13,10,0,0,10,13,17,16,14,14,51,42,37,12,14,10,0,0,0,1,0,3,0,0,4,0,0,0,0,0
59,2025-05-31 19:30:00,liga pro,ecuador,round 15,contreras o. (ecu),estadio rodrigo paz delgado (quito),41575,LDU Quito,Tecnico U.,3,2,1.61,0.67,17,11,7,4,1,0,10,3,1.07,1.63,4,3,6,4,8,5,9,6,0,0,2.27,0.98,1.63,1.07,77,23,31,9,555,160,497,94,1,0,64,51,44,13,0,0,122,32,20,7,3,3,2,1,11,11,0,0,11,11,18,20,12,13,51,51,16,36,5,4,0,0,0,0,2,4,0,-1,3,3,0,1,0,0
64,2025-05-31 08:00:00,j1 league,japan,round 19,fu m. (chn),machida gion stadium (machida),15489,Machida,Yokohama F. Marinos,0,3,1.13,0.51,17,7,6,4,1,1,5,1,0.81,1.66,8,2,3,1,11,2,6,4,0,1,1.66,0.46,1.66,0.81,56,44,42,11,370,319,272,219,0,1,63,80,30,22,0,0,79,62,32,5,16,0,4,3,8,11,0,0,11,8,10,12,6,7,57,41,16,36,6,6,0,0,0,0,1,6,0,0,0,1,0,0,0,0
65,2025-05-25 07:00:00,j1 league,japan,round 18,tanimoto r. (jpn),city light stadium (okayama),20000,Okayama,Machida,2,2,0.99,1.32,9,10,4,3,2,4,2,4,1.46,0.73,3,5,2,2,6,5,3,5,0,0,0.73,1.39,0.73,1.46,43,57,19,24,303,386,197,264,0,0,80,93,21,38,0,0,53,90,11,25,4,9,1,4,12,8,0,0,8,12,18,16,11,10,61,72,47,20,4,2,0,1,1,0,1,2,-1,0,0,0,0,0,0,0
66,2025-05-31 08:00:00,j1 league,japan,round 19,yamamoto y. (jpn),toyota stadium (toyota city),44692,Nagoya Grampus,Albirex Niigata,3,0,1.39,0.18,17,6,4,2,2,1,8,3,1.26,0.06,6,3,7,1,7,2,10,4,1,0,2.18,0.68,0.06,1.26,41,59,31,12,308,462,231,378,1,0,55,55,20,23,0,0,76,69,24,16,5,2,3,0,16,10,0,0,10,16,16,11,11,6,57,40,25,38,14,7,0,2,0,3,2,1,0,-1,1,1,0,0,0,0
67,2025-05-24 11:30:00,j1 league,japan,round 18,ikeuchi a. (jpn),toyota stadium (toyota city),44692,Nagoya Grampus,Urawa Reds,2,1,3.18,0.21,28,3,8,2,6,0,7,2,2.31,0.24,14,1,6,0,19,2,9,1,2,0,1.99,0.32,0.24,2.31,60,40,45,15,471,320,383,236,0,0,71,58,33,17,0,0,116,71,29,11,11,2,3,1,10,9,0,0,9,10,11,12,7,3,46,41,21,38,6,12,0,0,0,1,1,6,0,0,0,0,0,0,0,0
68,2025-05-17 08:30:00,j1 league,japan,round 17,koya k. (jpn),best denki stadium (fukuoka),22563,Avispa Fukuoka,Nagoya Grampus,1,1,0.29,1.1,7,12,3,3,1,2,4,4,0.53,1.22,3,7,1,2,5,6,2,6,0,1,0.33,1.07,1.22,0.53,50,50,14,13,396,392,302,291,0,0,72,71,27,21,0,0,93,71,15,19,3,4,2,1,21,15,0,0,15,21,17,8,8,4,71,39,27,20,7,9,0,0,0,0,2,2,0,0,1,2,0,0,0,0
69,2025-05-11 08:00:00,j1 league,japan,round 16,kimura h. (jpn),sanga stadium by kyocera (kameoka),21600,Kyoto,Nagoya Grampus,1,1,0.47,1.36,13,15,2,3,1,1,6,3,0.13,1.04,4,8,7,4,3,10,10,5,0,0,0.39,0.57,1.04,0.13,52,48,6,18,396,361,284,244,0,0,64,82,17,33,0,0,95,52,15,18,1,7,2,0,9,16,0,0,16,9,14,12,10,12,45,64,9,25,7,6,0,0,0,0,2,1,0,0,1,0,0,0,0,0
70,2025-05-06 09:00:00,j1 league,japan,round 15,kamimura a. (jpn),toyota stadium (toyota city),44692,Nagoya Grampus,Okayama,0,0,0.64,0.43,11,6,2,1,1,0,4,5,0.27,0.02,7,1,2,4,7,6,4,0,0,0,0.52,0.47,0.02,0.27,60,40,16,21,474,299,360,203,1,0,79,67,34,15,0,0,60,72,19,29,5,5,8,2,16,8,0,0,8,16,10,8,7,4,58,41,29,25,8,13,0,0,0,0,1,2,0,0,0,2,0,0,0,0
71,2025-05-31 08:00:00,j1 league,japan,round 19,yamamoto y. (jpn),toyota stadium (toyota city),44692,Nagoya Grampus,Albirex Niigata,3,0,1.39,0.18,17,6,4,2,2,1,8,3,1.26,0.06,6,3,7,1,7,2,10,4,1,0,2.18,0.68,0.06,1.26,41,59,31,12,308,462,231,378,1,0,55,55,20,23,0,0,76,69,24,16,5,2,3,0,16,10,0,0,10,16,16,11,11,6,57,40,25,38,14,7,0,2,0,3,2,1,0,-1,1,1,0,0,0,0
72,2025-05-25 08:00:00,j1 league,japan,round 18,petersen m. (ger),denka big swan stadium (niigata),42300,Albirex Niigata,Shonan Bellmare,2,1,1.76,0.43,10,9,4,2,3,0,3,5,1.69,0.24,5,2,1,5,7,5,3,4,0,0,0.8,0.65,0.24,1.69,47,53,17,26,501,551,430,472,0,0,54,37,26,19,0,0,56,122,10,16,3,0,2,3,6,6,0,0,6,6,12,14,8,10,38,39,39,13,11,6,0,0,1,0,1,2,0,0,0,0,0,0,0,0
73,2025-05-31 12:00:00,j1 league,japan,round 19,mikuriya t. (jpn),panasonic stadium suita (suita),40000,Gamba Osaka,Kashima Antlers,0,1,2.03,0.8,22,6,1,1,2,1,10,3,0.13,0.65,12,3,9,2,14,5,8,1,3,0,2.1,0.63,0.65,0.13,58,42,34,18,514,385,421,306,0,1,39,54,12,20,0,0,141,60,34,15,12,2,2,1,8,5,0,0,5,8,15,14,9,10,47,45,18,46,3,11,0,0,1,0,0,1,0,0,0,0,0,0,0,0
74,2025-05-25 10:00:00,j1 league,japan,round 18,sendachi k. (jpn),kawasaki todoroki stadium (kawasaki),26232,Kawasaki Frontale,Gamba Osaka,2,2,1.81,0.83,14,10,2,3,2,1,3,4,1.57,1.06,8,3,4,4,12,5,2,5,0,1,1.19,0.8,1.06,1.57,53,47,30,11,468,419,393,337,0,0,34,51,14,16,0,0,99,105,14,16,4,3,3,2,13,7,0,0,7,13,12,28,6,15,55,56,18,27,9,9,1,0,0,0,1,0,0,0,1,3,0,0,0,0
75,2025-05-31 13:00:00,j1 league,japan,round 19,imamura y. (jpn),sanga stadium by kyocera (kameoka),21600,Kyoto,FC Tokyo,3,0,1.6,0.4,15,8,6,3,4,0,3,5,1.75,0.31,8,3,1,2,10,7,5,1,0,0,1.06,0.51,0.31,1.75,36,64,22,21,269,486,169,360,0,0,70,77,24,22,0,0,55,86,11,20,2,5,0,1,11,16,0,0,16,11,20,21,10,15,61,72,23,24,6,7,0,0,0,1,3,3,0,-1,0,1,0,0,0,0
76,2025-05-25 09:00:00,j1 league,japan,round 18,kasahara h. (jpn),ajinomoto stadium (tokyo),49970,Verdy,Kyoto,1,0,0.34,0.59,12,10,2,3,0,1,4,5,0.57,0.7,5,2,5,5,5,6,7,4,0,0,0.54,0.44,0.7,0.57,56,44,20,22,364,293,287,202,0,0,61,56,25,16,0,0,76,46,23,13,9,6,1,3,20,10,0,0,10,20,10,10,7,4,61,53,28,23,10,4,0,0,0,0,3,1,0,0,0,2,0,1,0,0
77,2025-05-31 17:00:00,virsliga,latvia,round 16,griscenko a. (lat),skonto stadions (riga),6747,Riga FC,Tukums 2000,3,0,2.95,0.35,28,7,7,2,2,0,6,0,2.0,0.06,15,3,6,2,23,3,5,4,1,0,3.73,0.16,0.06,2.0,66,34,53,6,537,285,471,191,0,0,59,60,37,25,0,0,124,28,28,4,14,0,2,2,14,8,0,0,8,14,15,24,11,14,52,49,6,29,11,11,0,0,0,0,2,4,0,-1,0,4,0,1,0,0
78,2025-05-24 16:00:00,virsliga,latvia,round 15,malcevs e. (lat),rīgas hanzas vidusskolas stadions (riga),180,Metta,Riga FC,0,3,0.27,0.75,6,13,2,6,1,0,4,6,0.13,0.78,2,5,2,2,3,6,2,7,0,0,0.74,0.69,0.78,0.13,31,69,12,32,255,584,179,519,0,0,51,45,23,25,0,0,39,126,18,21,4,5,0,4,14,13,0,0,13,14,28,26,17,14,62,62,26,17,13,17,0,0,0,0,3,2,-2,0,2,0,0,0,0,0
79,2025-05-19 19:00:00,virsliga,latvia,round 14,anufrijevs a. (lat),skonto stadions (riga),6747,Riga FC,FK Liepaja,2,0,2.3,0.78,27,11,9,2,5,0,10,5,3.38,0.94,11,3,7,6,19,7,8,4,4,0,1.37,1.12,0.94,3.38,52,48,40,21,335,323,269,260,0,3,40,44,15,23,0,0,94,62,33,18,9,3,2,1,13,5,0,0,5,13,15,19,10,13,58,42,19,41,18,16,0,0,0,0,2,7,0,1,0,4,1,0,0,0
80,2025-05-14 17:30:00,virsliga,latvia,round 13,golubevs a. (lat),stadions celtnieks (daugavpils),1980,BFC Daugavpils,Riga FC,0,1,1.1,0.58,16,8,3,1,1,0,6,4,0.3,0.55,7,5,6,2,11,4,5,4,1,0,1.34,1.05,0.55,0.3,39,61,22,24,273,428,187,345,0,1,72,55,34,17,0,0,75,113,27,33,7,12,0,2,16,17,0,0,17,16,16,17,9,6,57,63,36,21,11,12,0,0,0,0,0,3,0,0,2,3,0,0,0,0
81,2025-05-10 18:00:00,virsliga,latvia,round 12,keziks j. (lat),skonto stadions (riga),6747,Riga FC,Jelgava,2,0,2.33,0.33,22,8,7,1,3,0,9,1,1.81,0.03,12,3,3,4,13,3,9,5,0,0,1.01,0.24,0.03,1.81,63,37,27,10,484,293,399,200,0,0,68,71,37,28,0,0,95,64,31,8,6,1,0,1,16,7,0,0,7,16,23,21,16,17,63,37,11,28,12,18,0,0,0,0,1,5,0,0,0,2,0,0,0,0
82,2025-05-31 17:00:00,virsliga,latvia,round 16,griscenko a. (lat),skonto stadions (riga),6747,Riga FC,Tukums 2000,3,0,2.95,0.35,28,7,7,2,2,0,6,0,2.0,0.06,15,3,6,2,23,3,5,4,1,0,3.73,0.16,0.06,2.0,66,34,53,6,537,285,471,191,0,0,59,60,37,25,0,0,124,28,28,4,14,0,2,2,14,8,0,0,8,14,15,24,11,14,52,49,6,29,11,11,0,0,0,0,2,4,0,-1,0,4,0,1,0,0
83,2025-05-25 18:00:00,virsliga,latvia,round 15,mordatenko v. (lat),tukuma pilsētas stadions (tukums),1000,Tukums 2000,RFS,2,5,0.68,2.36,8,21,2,9,1,4,4,3,1.68,3.37,4,11,2,1,4,17,4,4,0,0,0.4,1.84,3.37,1.68,35,65,13,31,278,514,204,451,0,1,60,60,27,35,0,0,42,124,14,26,4,9,2,6,15,24,0,0,24,15,12,14,10,9,44,65,32,20,9,5,0,0,0,0,4,0,0,0,3,1,0,0,0,0
84,2025-05-31 19:00:00,virsliga,latvia,round 16,golubevs a. (lat),lnk sporta parks (riga),2300,RFS,Grobina,6,0,2.43,0.45,17,3,7,2,4,0,5,3,5.13,0.0,8,1,2,0,11,2,6,1,2,0,2.05,0.17,0.0,5.13,69,31,28,4,659,301,605,225,0,0,44,42,29,19,0,0,146,13,28,8,11,2,3,2,10,12,0,0,12,10,11,13,8,11,44,32,7,24,15,8,0,0,0,0,2,1,0,0,2,5,0,0,0,0
85,2025-05-25 18:00:00,virsliga,latvia,round 15,mordatenko v. (lat),tukuma pilsētas stadions (tukums),1000,Tukums 2000,RFS,2,5,0.68,2.36,8,21,2,9,1,4,4,3,1.68,3.37,4,11,2,1,4,17,4,4,0,0,0.4,1.84,3.37,1.68,35,65,13,31,278,514,204,451,0,1,60,60,27,35,0,0,42,124,14,26,4,9,2,6,15,24,0,0,24,15,12,14,10,9,44,65,32,20,9,5,0,0,0,0,4,0,0,0,3,1,0,0,0,0
86,2025-05-20 20:00:00,virsliga,latvia,round 14,ratnieks k. (lat),lnk sporta parks (riga),2300,RFS,Metta,2,0,0.84,0.05,17,3,6,1,0,0,6,3,1.05,0.0,7,1,4,1,9,1,8,2,1,0,1.23,0.12,0.24,1.05,67,33,25,6,676,321,604,243,1,0,48,67,33,29,0,0,183,36,20,14,4,1,3,2,14,10,0,0,10,14,15,8,10,6,48,35,19,21,9,11,0,0,0,0,1,4,0,0,0,1,0,0,0,0
87,2025-05-14 18:00:00,virsliga,latvia,round 13,treimanis a. (lat),daugavas stadions (liepāja),4022,FK Liepaja,RFS,2,1,1.01,0.71,10,17,7,8,4,0,5,4,2.26,1.22,2,3,1,6,7,7,3,10,0,0,0.43,0.81,1.22,2.26,34,66,17,25,292,579,216,500,2,0,65,34,24,15,0,0,29,124,13,23,3,9,0,1,5,21,0,0,21,5,25,14,12,10,54,57,42,24,6,9,0,1,0,2,7,5,0,0,2,4,0,0,0,0
88,2025-05-09 19:00:00,virsliga,latvia,round 12,vasjkovs s. (lat),lnk sporta parks (riga),2300,RFS,BFC Daugavpils,5,1,2.1,0.59,22,9,9,1,4,0,8,3,3.6,0.64,9,4,4,4,16,6,6,3,0,0,1.82,0.64,0.64,3.6,55,45,44,20,451,380,401,316,0,0,32,47,18,25,0,0,130,71,31,12,15,2,3,2,9,11,0,0,11,9,19,12,13,8,54,47,21,24,8,8,1,0,0,0,0,4,0,-1,1,1,0,0,0,0
89,2025-05-31 19:00:00,virsliga,latvia,round 16,golubevs a. (lat),lnk sporta parks (riga),2300,RFS,Grobina,6,0,2.43,0.45,17,3,7,2,4,0,5,3,5.13,0.0,8,1,2,0,11,2,6,1,2,0,2.05,0.17,0.0,5.13,69,31,28,4,659,301,605,225,0,0,44,42,29,19,0,0,146,13,28,8,11,2,3,2,10,12,0,0,12,10,11,13,8,11,44,32,7,24,15,8,0,0,0,0,2,1,0,0,2,5,0,0,0,0
90,2025-05-26 18:00:00,virsliga,latvia,round 15,spasjonnikovs v. (lat),daugavas stadions (liepāja),4022,Grobina,Super Nova,1,1,0.33,1.97,4,20,1,6,1,3,2,8,0.32,1.21,3,7,0,7,4,10,0,10,1,0,0.61,1.8,1.21,0.32,35,65,10,28,262,456,174,365,0,1,58,48,14,25,0,0,42,118,8,42,3,10,3,0,14,14,0,0,14,14,22,15,15,13,69,65,62,10,8,6,0,0,0,0,5,0,0,0,1,0,0,0,0,0
91,2025-05-31 17:00:00,eliteserien,norway,round 9,stofringshaug m. (nor),marienlyst stadion (drammen),8935,Stromsgodset,HamKam,0,3,1.04,1.68,19,16,5,7,0,3,5,4,0.32,1.71,9,4,5,5,10,12,9,4,1,0,1.31,1.73,1.71,0.32,58,42,28,27,500,375,452,302,0,0,43,60,25,23,0,0,152,80,41,15,9,5,1,2,12,9,0,0,9,12,11,13,7,7,56,47,36,36,6,3,0,0,1,0,4,5,-1,0,1,3,0,0,0,0
92,2025-05-25 18:00:00,eliteserien,norway,round 8,sletner s. (nor),jotun arena (sandefjord),6582,Sandefjord,Stromsgodset,3,2,3.83,0.87,23,12,7,4,4,1,4,10,2.56,1.36,8,7,8,1,15,8,8,3,1,0,2.13,1.19,1.36,2.56,46,54,30,29,411,473,346,390,0,0,60,68,24,40,0,0,114,93,20,36,8,10,0,1,9,15,0,0,15,9,9,15,7,12,33,45,38,21,7,9,0,0,0,0,2,4,0,0,2,0,0,0,0,0
93,2025-05-16 19:00:00,eliteserien,norway,round 7,eskas e. (nor),marienlyst stadion (drammen),8935,Stromsgodset,Bryne,0,2,1.04,0.8,19,12,5,3,0,1,14,7,0.99,1.25,10,3,4,6,11,8,8,3,0,0,1.8,1.23,1.25,0.99,62,38,28,28,495,319,416,222,0,0,56,70,29,25,0,0,115,62,50,15,14,8,2,1,14,11,0,0,11,14,12,8,7,7,60,37,24,41,9,10,0,0,0,0,1,5,0,0,0,2,0,0,0,0
94,2025-05-04 18:00:00,eliteserien,norway,round 5,higraff d. (nor),marienlyst stadion (drammen),8935,Stromsgodset,Kristiansund,1,2,1.86,1.68,15,14,6,7,2,1,9,4,1.29,2.41,5,4,4,3,9,9,6,5,0,0,2.38,0.55,2.41,1.29,63,37,33,19,608,361,527,289,0,0,69,58,36,29,0,0,143,72,30,16,10,4,2,3,11,13,0,0,13,11,10,14,8,10,44,38,14,32,18,10,0,0,0,0,5,5,0,0,3,3,0,0,0,0
95,2025-04-27 18:15:00,eliteserien,norway,round 4,hansen t. (nor),sarpsborg stadion (sarpsborg),8022,Sarpsborg 08,Stromsgodset,2,3,2.39,1.51,19,11,6,5,2,2,7,3,2.22,1.91,6,5,7,1,13,7,6,4,0,0,1.5,1.11,1.91,2.22,51,49,30,11,448,434,368,353,0,0,57,72,27,32,0,0,124,69,26,14,7,2,0,2,11,10,0,0,10,11,12,11,7,9,48,40,10,36,6,18,1,0,0,0,2,4,-1,0,0,0,0,0,0,0
96,2025-05-31 17:00:00,eliteserien,norway,round 9,stofringshaug m. (nor),marienlyst stadion (drammen),8935,Stromsgodset,HamKam,0,3,1.04,1.68,19,16,5,7,0,3,5,4,0.32,1.71,9,4,5,5,10,12,9,4,1,0,1.31,1.73,1.71,0.32,58,42,28,27,500,375,452,302,0,0,43,60,25,23,0,0,152,80,41,15,9,5,1,2,12,9,0,0,9,12,11,13,7,7,56,47,36,36,6,3,0,0,1,0,4,5,-1,0,1,3,0,0,0,0
97,2025-05-25 15:30:00,eliteserien,norway,round 8,saggi r. (nor),briskeby arena (hamar),7600,HamKam,Molde,2,1,1.07,1.17,14,18,5,4,1,1,6,6,1.81,1.02,2,8,7,6,10,10,4,8,0,1,0.64,1.95,1.02,1.81,27,73,32,38,252,707,162,624,0,1,59,56,23,34,0,0,58,290,22,38,5,15,0,1,8,5,0,0,5,8,16,14,10,8,45,42,32,28,15,11,0,0,0,0,3,3,0,0,1,1,0,0,0,0
98,2025-05-31 19:45:00,eliteserien,norway,round 9,kringstad m. s. (nor),romssa arena (tromsø),6687,Tromso,Valerenga,2,1,2.15,0.82,15,10,3,4,2,2,5,7,0.8,1.92,9,3,3,3,11,6,4,4,2,0,2.36,0.34,1.92,0.8,57,43,33,15,549,403,459,315,0,0,64,72,31,32,0,0,106,66,18,20,8,3,0,1,11,18,0,0,18,11,16,10,10,4,48,47,24,29,8,10,0,2,0,0,3,1,0,-1,3,2,0,0,0,0
99,2025-05-25 18:00:00,eliteserien,norway,round 8,amland s. (nor),sarpsborg stadion (sarpsborg),8022,Sarpsborg 08,Tromso,0,1,1.54,1.04,15,7,4,2,1,2,2,2,0.18,0.47,7,4,4,1,11,7,4,0,0,0,1.26,1.76,0.47,0.18,49,51,29,23,507,534,432,454,1,0,68,69,40,34,0,0,101,136,19,13,8,4,0,3,17,8,0,0,8,17,15,15,12,10,49,40,22,29,12,1,0,0,0,0,1,4,0,0,3,1,0,0,0,0
100,2025-05-16 19:00:00,eliteserien,norway,round 7,higraff d. (nor),romssa arena (tromsø),6687,Tromso,Bodo/Glimt,2,1,1.48,1.12,13,12,5,4,1,1,4,6,1.07,0.74,2,5,6,3,9,12,4,1,0,1,1.46,1.37,0.74,1.07,36,64,16,47,380,679,280,578,0,0,64,65,19,33,0,0,58,147,8,24,3,7,2,2,6,13,0,0,13,6,18,12,14,8,43,53,39,16,11,13,0,0,0,0,3,3,0,0,4,2,0,0,0,0
101,2025-05-11 18:00:00,eliteserien,norway,round 6,bodding e. (nor),kfum arena (oslo),3300,KFUM Oslo,Tromso,1,3,0.42,1.68,4,11,2,5,1,3,2,5,0.64,2.77,2,4,0,2,3,8,1,3,0,0,0.37,1.2,2.77,0.64,51,49,11,23,491,468,396,369,0,0,61,53,25,22,0,0,79,84,10,16,2,6,0,1,8,14,0,0,14,8,15,13,10,11,43,39,22,23,10,8,0,0,0,0,2,1,0,0,1,1,0,0,0,0
102,2025-05-31 19:30:00,premier league,russia,relegation - final,ivanov s. (rus),akhmat-arena (groznyj),30597,Akhmat Grozny,Ural,2,0,1.33,0.09,15,3,5,1,1,0,10,1,1.13,0.0,6,1,4,1,8,3,7,0,0,1,0.91,0.12,0.0,1.13,60,40,29,8,378,265,289,178,0,0,74,60,43,19,0,0,96,39,25,6,7,1,2,1,20,12,0,0,12,20,15,21,8,10,57,48,9,23,11,7,0,0,0,0,1,3,0,0,3,4,0,0,0,0
103,2025-05-28 17:00:00,premier league,russia,relegation - final,levnikov k. (rus),yekaterinburg arena (yekaterinburg),25000,Ural,Akhmat Grozny,2,1,1.8,0.61,15,12,5,4,1,0,7,1,1.97,0.61,7,5,3,3,7,5,8,7,0,1,0.68,0.66,0.61,1.97,52,48,18,13,280,263,194,180,0,0,58,66,18,30,0,0,49,63,15,14,4,7,0,4,9,17,0,0,17,9,18,9,10,5,50,58,26,21,8,13,0,0,0,0,3,3,0,0,4,1,0,0,0,0
104,2025-05-24 16:30:00,premier league,russia,round 30,ivanov s. (rus),gazprom arena (saint petersburg),67800,Zenit,Akhmat Grozny,3,0,2.85,0.1,21,5,10,0,2,0,13,4,3.05,0.0,5,2,6,3,18,1,3,4,1,0,1.41,0.37,0.0,3.05,55,45,52,12,398,330,332,269,0,0,62,38,39,16,0,0,90,101,26,12,12,0,4,0,14,6,0,0,6,14,22,15,16,12,75,41,22,20,5,8,0,0,0,0,0,7,0,0,0,3,0,0,0,0
105,2025-05-18 14:00:00,premier league,russia,round 29,bobrovsky y. (rus),akhmat-arena (groznyj),30597,Akhmat Grozny,Dynamo Makhachkala,1,1,1.42,1.47,10,15,3,7,1,1,8,5,1.15,1.05,1,6,6,2,6,9,4,6,0,0,0.53,0.54,1.05,1.15,52,48,18,28,329,292,223,191,0,0,72,61,26,16,0,0,66,68,19,22,1,1,0,2,18,13,0,0,13,18,17,19,14,13,64,55,46,32,5,8,0,0,0,0,6,2,0,0,1,4,0,0,0,0
106,2025-05-11 14:00:00,premier league,russia,round 28,abrosimov i. (rus),samara arena (samara),44918,Akron Togliatti,Akhmat Grozny,3,2,1.52,2.61,15,28,7,11,1,3,7,11,2.18,3.49,3,10,5,7,11,22,4,6,0,0,2.01,2.28,3.49,2.18,54,46,32,43,333,277,236,208,0,0,69,54,32,21,0,0,71,78,19,29,8,10,2,3,7,23,0,0,23,7,16,12,13,4,60,65,32,32,6,13,1,0,0,0,9,4,1,0,4,2,1,0,0,0
107,2025-05-31 19:30:00,premier league,russia,relegation - final,ivanov s. (rus),akhmat-arena (groznyj),30597,Akhmat Grozny,Ural,2,0,1.33,0.09,15,3,5,1,1,0,10,1,1.13,0.0,6,1,4,1,8,3,7,0,0,1,0.91,0.12,0.0,1.13,60,40,29,8,378,265,289,178,0,0,74,60,43,19,0,0,96,39,25,6,7,1,2,1,20,12,0,0,12,20,15,21,8,10,57,48,9,23,11,7,0,0,0,0,1,3,0,0,3,4,0,0,0,0
108,2025-05-28 17:00:00,premier league,russia,relegation - final,levnikov k. (rus),yekaterinburg arena (yekaterinburg),25000,Ural,Akhmat Grozny,2,1,1.8,0.61,15,12,5,4,1,0,7,1,1.97,0.61,7,5,3,3,7,5,8,7,0,1,0.68,0.66,0.61,1.97,52,48,18,13,280,263,194,180,0,0,58,66,18,30,0,0,49,63,15,14,4,7,0,4,9,17,0,0,17,9,18,9,10,5,50,58,26,21,8,13,0,0,0,0,3,3,0,0,4,1,0,0,0,0
109,2025-05-31 17:15:00,laliga2,spain,round 42,sanchez j. (esp),estadio municipal da malata (ferrol),10450,Racing Club Ferrol,Gijon,0,2,1.42,1.26,9,12,4,7,3,2,2,4,2.27,2.61,3,3,2,2,9,8,0,4,0,0,1.13,0.54,2.61,2.27,58,42,18,16,442,317,379,249,1,2,49,52,37,18,0,0,67,40,24,12,6,0,5,0,19,12,0,0,12,19,7,18,6,11,46,40,19,21,8,5,1,0,2,0,5,4,0,2,3,4,0,0,0,0
110,2025-05-24 19:30:00,laliga2,spain,round 41,de aza m. h. (esp),estadio carlos belmonte (albacete),17524,Albacete,Racing Club Ferrol,2,0,0.91,0.56,12,12,3,4,1,1,9,6,0.85,0.35,5,3,4,5,5,9,7,3,0,0,1.15,0.54,0.35,0.85,54,46,23,23,401,338,336,270,0,0,58,48,31,21,0,0,87,65,18,19,4,5,1,0,16,10,0,0,10,16,18,19,11,15,57,41,21,20,2,3,0,0,0,0,4,1,0,-1,2,3,0,2,0,0
111,2025-05-18 15:00:00,laliga2,spain,round 40,fuentes a. (esp),estadio municipal da malata (ferrol),10450,Racing Club Ferrol,Cadiz CF,1,0,1.49,0.58,11,9,3,1,2,1,4,6,1.41,0.18,4,7,4,1,5,5,6,4,0,1,0.29,0.34,0.18,1.41,45,55,11,15,348,442,272,365,0,0,57,67,24,31,0,0,57,82,17,15,1,1,1,3,11,14,0,0,14,11,17,12,8,8,37,40,13,19,12,7,0,0,0,0,1,2,0,0,0,1,0,0,0,0
112,2025-05-11 22:00:00,laliga2,spain,round 39,muresan s. (esp),estadio heliodoro rodríguez lópez (santa cruz de tenerife),22824,Tenerife,Racing Club Ferrol,0,0,0.44,0.47,11,3,2,0,1,0,6,0,0.2,0.0,6,3,3,0,6,1,5,2,0,0,0.57,0.18,0.0,0.2,64,36,18,3,484,283,408,200,0,0,54,59,26,23,0,0,82,28,27,4,5,1,1,1,14,18,0,0,18,14,12,8,7,5,36,46,14,28,7,6,0,0,0,0,0,2,0,0,5,2,0,0,0,0
113,2025-05-04 17:15:00,laliga2,spain,round 38,moreno a. (esp),estadio municipal da malata (ferrol),10450,Racing Club Ferrol,Zaragoza,1,2,1.69,1.7,16,11,4,7,2,3,5,3,1.95,1.23,9,2,3,2,13,6,3,5,0,1,1.28,0.6,1.23,1.95,64,36,19,13,461,273,345,164,0,1,75,84,26,25,0,0,63,40,24,10,7,2,0,2,16,10,0,0,10,16,18,14,13,11,53,44,14,31,6,14,0,0,0,0,5,3,0,0,3,2,0,0,0,0
114,2025-05-31 17:15:00,laliga2,spain,round 42,sanchez j. (esp),estadio municipal da malata (ferrol),10450,Racing Club Ferrol,Gijon,0,2,1.42,1.26,9,12,4,7,3,2,2,4,2.27,2.61,3,3,2,2,9,8,0,4,0,0,1.13,0.54,2.61,2.27,58,42,18,16,442,317,379,249,1,2,49,52,37,18,0,0,67,40,24,12,6,0,5,0,19,12,0,0,12,19,7,18,6,11,46,40,19,21,8,5,1,0,2,0,5,4,0,2,3,4,0,0,0,0
115,2025-05-25 19:30:00,laliga2,spain,round 41,orellana m. (esp),estadio el molinón (gijón),29029,Gijon,FC Cartagena SAD,3,2,1.79,1.16,25,9,8,6,2,3,3,2,1.14,2.27,12,3,5,0,15,5,10,4,1,1,1.21,1.11,2.27,1.14,68,32,29,20,628,296,568,235,0,0,39,56,19,31,0,0,198,59,20,13,6,1,0,3,12,13,0,0,13,12,17,12,13,5,44,37,12,20,10,11,1,1,0,0,4,5,0,-1,0,3,0,0,0,0
116,2025-05-17 22:00:00,laliga2,spain,round 40,ais s. (esp),estadio la rosaleda (málaga),30044,Malaga,Gijon,2,1,1.4,0.28,17,10,6,4,1,0,9,3,2.19,0.87,8,4,3,2,13,2,4,8,1,0,1.42,0.44,0.87,2.19,54,46,31,18,444,385,347,271,0,0,63,69,29,21,0,0,71,64,13,12,5,5,0,2,11,6,0,0,6,11,20,24,13,13,53,55,11,10,9,15,0,0,0,0,3,4,0,0,4,2,0,0,0,0
117,2025-05-10 17:15:00,laliga2,spain,round 39,guzman j. (esp),estadio el molinón (gijón),29029,Gijon,Dep. La Coruna,2,1,2.4,1.28,16,9,4,1,2,4,5,4,2.13,0.96,6,7,6,1,13,6,3,3,1,0,1.15,1.57,0.96,2.13,32,68,24,24,304,637,228,548,1,0,56,57,21,32,0,0,64,126,10,21,4,7,1,1,10,11,0,0,11,10,28,20,12,9,53,42,24,12,8,5,0,0,1,0,0,2,0,0,2,1,0,0,0,0
118,2025-05-05 21:30:00,laliga2,spain,round 38,sesma m. (esp),estadio municipal de castalia (castellón de la plana),15500,Castellon,Gijon,4,3,2.04,2.91,18,18,7,7,3,4,3,4,2.68,2.58,4,9,7,2,14,13,4,5,0,0,0.66,0.88,2.58,2.68,52,48,31,25,398,370,310,270,0,2,60,77,24,28,0,0,91,73,14,15,2,3,1,1,8,7,0,0,7,8,25,17,15,12,70,54,38,23,8,7,0,0,0,0,4,3,0,0,3,2,0,0,0,0
119,2025-05-31 17:15:00,laliga2,spain,round 42,sanchez j. (esp),estadio municipal da malata (ferrol),10450,Racing Club Ferrol,Gijon,0,2,1.42,1.26,9,12,4,7,3,2,2,4,2.27,2.61,3,3,2,2,9,8,0,4,0,0,1.13,0.54,2.61,2.27,58,42,18,16,442,317,379,249,1,2,49,52,37,18,0,0,67,40,24,12,6,0,5,0,19,12,0,0,12,19,7,18,6,11,46,40,19,21,8,5,1,0,2,0,5,4,0,2,3,4,0,0,0,0
120,2025-05-31 19:30:00,laliga2,spain,round 42,fuentes a. (esp),estadio la rosaleda (málaga),30044,Malaga,Burgos CF,2,2,1.59,1.91,17,9,6,6,1,5,9,4,1.47,1.87,8,3,3,0,9,8,8,1,0,0,0.7,0.87,1.87,1.47,68,32,20,18,561,268,484,204,0,1,46,63,28,32,0,0,106,32,21,14,4,4,1,1,10,6,0,0,6,10,26,29,18,17,50,54,10,28,4,9,0,0,2,0,4,4,0,0,0,0,0,0,0,0
121,2025-05-25 19:30:00,laliga2,spain,round 41,gonzalez esteban j. a. (esp),estadio manuel martínez valero (elche),31388,Elche,Malaga,2,0,1.51,0.28,17,7,5,2,3,1,9,1,1.44,0.3,4,3,8,2,11,2,6,5,1,0,1.47,0.31,0.3,1.44,57,43,21,7,485,374,413,311,0,1,46,56,20,35,0,0,104,63,21,6,7,1,0,0,8,10,0,0,10,8,16,22,10,11,51,47,12,24,16,11,0,0,0,0,2,3,0,0,2,1,0,0,0,0
122,2025-05-17 22:00:00,laliga2,spain,round 40,ais s. (esp),estadio la rosaleda (málaga),30044,Malaga,Gijon,2,1,1.4,0.28,17,10,6,4,1,0,9,3,2.19,0.87,8,4,3,2,13,2,4,8,1,0,1.42,0.44,0.87,2.19,54,46,31,18,444,385,347,271,0,0,63,69,29,21,0,0,71,64,13,12,5,5,0,2,11,6,0,0,6,11,20,24,13,13,53,55,11,10,9,15,0,0,0,0,3,4,0,0,4,2,0,0,0,0
123,2025-05-11 19:30:00,laliga2,spain,round 39,galech i. (esp),estadio nuevo pepico amat (elda),5776,Eldense,Malaga,1,0,2.22,0.42,17,5,5,1,5,1,5,3,1.16,0.14,9,3,3,1,15,5,2,0,0,0,1.92,0.55,0.14,1.16,55,45,40,16,382,336,319,241,2,0,64,58,32,20,0,0,115,41,40,12,9,4,2,2,6,24,0,0,24,6,15,15,10,10,42,55,21,31,12,6,0,0,1,0,1,4,0,0,2,0,1,1,0,0
124,2025-05-03 19:30:00,laliga2,spain,round 38,cid g. (esp),estadio la rosaleda (málaga),30044,Malaga,Granada CF,1,0,2.38,0.48,16,7,6,0,4,0,8,4,2.24,0.06,8,5,2,2,11,6,5,1,0,1,1.1,0.84,0.06,2.24,52,48,26,14,312,296,257,235,1,0,43,56,17,23,0,0,71,38,19,16,6,6,1,2,21,16,0,0,16,21,19,17,13,11,61,58,23,27,6,4,0,0,0,0,0,5,0,1,2,2,0,0,0,0
125,2025-05-31 19:30:00,laliga2,spain,round 42,fuentes a. (esp),estadio la rosaleda (málaga),30044,Malaga,Burgos CF,2,2,1.59,1.91,17,9,6,6,1,5,9,4,1.47,1.87,8,3,3,0,9,8,8,1,0,0,0.7,0.87,1.87,1.47,68,32,20,18,561,268,484,204,0,1,46,63,28,32,0,0,106,32,21,14,4,4,1,1,10,6,0,0,6,10,26,29,18,17,50,54,10,28,4,9,0,0,2,0,4,4,0,0,0,0,0,0,0,0
126,2025-05-25 19:30:00,laliga2,spain,round 41,sesma m. (esp),estadio el plantío (burgos),12194,Burgos CF,Levante,2,3,0.46,1.92,8,15,4,7,0,5,4,5,1.59,2.3,2,6,2,2,4,9,4,6,0,0,0.31,0.85,2.3,1.59,41,59,14,29,321,462,245,383,0,0,55,82,16,51,0,0,65,120,12,28,3,6,0,0,10,13,0,0,13,10,23,15,11,13,53,40,44,15,8,7,0,0,0,0,4,2,0,0,0,2,0,0,0,0
127,2025-05-17 17:15:00,laliga2,spain,round 40,gonzalez m. (esp),estadio municipal de ipurua (eibar),8164,Eibar,Burgos CF,1,0,1.26,0.36,9,5,5,2,1,1,3,1,1.32,0.3,3,2,1,1,6,4,3,1,0,0,0.59,0.45,0.3,1.32,49,51,14,17,437,469,361,376,0,0,61,76,31,31,0,0,71,66,24,12,5,2,3,0,10,20,0,0,20,10,20,16,12,15,54,53,22,17,12,10,0,0,1,1,2,4,0,0,0,3,0,1,0,0
128,2025-05-10 19:30:00,laliga2,spain,round 39,barrera r. (esp),estadio el plantío (burgos),12194,Burgos CF,Cordoba,3,2,1.72,1.13,15,11,10,5,3,1,6,5,2.66,2.08,2,3,3,3,10,9,5,2,0,0,1.72,0.69,2.08,2.66,37,63,27,20,272,472,203,386,2,0,48,66,24,42,0,0,57,94,14,14,6,4,8,1,17,14,0,0,14,17,15,13,11,9,48,39,13,14,16,4,0,0,0,0,3,7,0,0,3,2,0,0,0,0
129,2025-05-03 22:00:00,laliga2,spain,round 38,perez m. (esp),estadio el plantío (burgos),12194,Burgos CF,Elche,0,1,0.62,0.95,8,7,3,3,1,1,6,4,0.51,1.08,2,3,3,1,6,4,2,2,0,1,0.74,1.36,1.08,0.51,43,57,17,16,364,497,298,433,2,0,46,44,24,23,0,0,53,102,20,15,5,5,5,1,17,16,0,0,16,17,13,15,9,11,35,40,23,20,9,8,0,0,0,0,2,3,0,0,5,3,0,0,0,0
130,2025-05-31 19:30:00,laliga2,spain,round 42,fuentes a. (esp),estadio la rosaleda (málaga),30044,Malaga,Burgos CF,2,2,1.59,1.91,17,9,6,6,1,5,9,4,1.47,1.87,8,3,3,0,9,8,8,1,0,0,0.7,0.87,1.87,1.47,68,32,20,18,561,268,484,204,0,1,46,63,28,32,0,0,106,32,21,14,4,4,1,1,10,6,0,0,6,10,26,29,18,17,50,54,10,28,4,9,0,0,2,0,4,4,0,0,0,0,0,0,0,0
131,2025-05-31 16:00:00,allsvenskan,sweden,round 12,aganovic a. (swe),stora valla (degerfors),10605,Degerfors,Oster,1,2,2.23,0.82,16,7,4,3,2,1,4,3,1.64,1.24,6,1,6,3,10,6,6,1,0,2,1.51,0.64,1.24,1.64,57,43,38,18,465,369,383,276,1,0,53,59,33,14,0,0,126,67,33,8,7,2,1,2,14,9,0,0,9,14,28,30,19,14,75,59,24,32,8,11,0,0,0,0,1,3,0,0,0,3,0,0,0,0
132,2025-05-26 20:10:00,allsvenskan,sweden,round 11,al-hakim m. (swe),3arena (stockholm),33000,Hammarby,Degerfors,1,0,0.78,0.67,13,13,2,2,1,0,4,2,0.82,0.11,5,8,6,3,5,8,8,5,0,0,1.74,0.31,0.11,0.82,70,30,32,21,675,282,607,209,0,0,32,56,17,21,0,0,203,67,16,14,4,3,1,2,14,8,0,0,8,14,23,26,13,11,67,48,29,23,11,11,0,0,0,0,2,1,0,0,2,0,0,0,0,0
133,2025-05-19 20:00:00,allsvenskan,sweden,round 10,klitte f. (swe),stora valla (degerfors),10605,Degerfors,Goteborg,1,3,0.95,1.34,12,13,2,6,1,4,5,7,1.08,2.15,6,5,4,2,7,10,5,3,0,0,1.17,0.66,2.15,1.08,55,45,20,25,464,378,385,296,0,0,41,62,17,31,0,0,84,92,28,18,7,6,5,1,15,14,0,0,14,15,23,22,12,13,71,58,18,30,7,13,0,0,0,0,3,1,0,0,3,1,0,0,0,0
134,2025-05-15 20:00:00,allsvenskan,sweden,round 9,nyberg g. (swe),platinumcars arena (norrköping),17234,Norrkoping,Degerfors,1,2,1.4,1.35,13,11,5,4,1,1,8,6,1.66,1.54,3,5,5,2,9,8,4,3,0,2,0.94,0.38,1.54,1.66,64,36,29,25,553,305,469,228,0,0,57,54,32,20,0,0,142,69,31,29,9,6,0,1,29,13,0,0,13,29,13,22,9,16,67,59,37,46,2,16,0,0,0,0,2,4,0,0,2,6,0,0,0,0
135,2025-05-11 17:30:00,allsvenskan,sweden,round 8,ostling j. (swe),stora valla (degerfors),10605,Degerfors,Malmo FF,1,4,2.46,3.08,16,21,4,10,4,5,4,13,1.86,3.45,10,6,2,5,11,17,5,4,1,1,1.87,1.28,3.45,1.86,34,66,29,47,262,530,195,468,0,0,50,43,17,26,0,0,58,146,17,27,5,5,1,0,7,10,0,0,10,7,17,11,11,8,41,45,31,22,3,6,0,0,1,0,6,3,0,0,3,2,0,0,0,0
136,2025-05-31 16:00:00,allsvenskan,sweden,round 12,aganovic a. (swe),stora valla (degerfors),10605,Degerfors,Oster,1,2,2.23,0.82,16,7,4,3,2,1,4,3,1.64,1.24,6,1,6,3,10,6,6,1,0,2,1.51,0.64,1.24,1.64,57,43,38,18,465,369,383,276,1,0,53,59,33,14,0,0,126,67,33,8,7,2,1,2,14,9,0,0,9,14,28,30,19,14,75,59,24,32,8,11,0,0,0,0,1,3,0,0,0,3,0,0,0,0
137,2025-05-24 16:00:00,allsvenskan,sweden,round 11,karlsson k. (swe),finnvedsvallen (varnamo),5000,Varnamo,Oster,1,1,0.74,0.81,15,9,3,1,0,2,6,2,0.86,0.52,6,5,6,3,7,7,8,2,1,1,0.6,0.92,0.52,0.86,39,61,27,20,359,561,267,465,0,0,48,68,15,39,0,0,80,109,20,23,2,5,0,2,11,11,0,0,11,11,14,23,7,16,45,55,41,27,13,10,0,0,0,1,0,2,0,0,1,4,0,0,0,0
138,2025-05-18 17:30:00,allsvenskan,sweden,round 10,nyberg g. (swe),visma arena (växjö),12000,Oster,GAIS,1,1,0.67,1.22,8,14,2,4,1,1,8,8,0.98,0.82,3,6,3,4,3,7,4,7,0,0,1.06,1.31,0.82,0.98,55,45,15,20,483,394,407,324,0,0,73,50,39,22,0,0,73,79,25,23,3,7,1,0,12,13,0,0,13,12,22,15,12,5,63,50,28,28,10,7,0,0,0,0,3,1,0,0,1,0,0,0,0,0
139,2025-05-15 20:00:00,allsvenskan,sweden,round 9,mattsson e. (swe),gamla ullevi (göteborg),18416,Goteborg,Oster,0,1,0.71,1.06,13,8,2,3,1,0,7,4,0.53,1.02,7,4,4,1,7,5,6,3,0,1,1.11,0.87,1.02,0.53,64,36,30,13,551,322,442,209,0,0,59,79,29,19,0,0,149,58,25,10,7,3,2,0,13,13,0,0,13,13,19,17,18,9,59,49,18,45,7,7,0,0,0,0,2,2,1,0,3,3,1,0,0,0
140,2025-05-11 17:30:00,allsvenskan,sweden,round 8,maqedonci g. (swe),visma arena (växjö),12000,Oster,Elfsborg,0,1,1.03,1.82,5,21,2,5,1,3,9,9,0.37,1.82,2,11,1,5,4,16,1,5,1,0,0.43,2.67,1.82,0.37,59,41,9,41,539,354,464,278,0,0,41,53,23,20,0,0,64,111,21,35,1,13,2,2,12,11,0,0,11,12,13,15,10,9,43,46,36,19,4,8,0,0,1,0,4,2,1,0,2,4,0,0,0,0
141,2025-05-31 16:00:00,allsvenskan,sweden,round 12,aganovic a. (swe),stora valla (degerfors),10605,Degerfors,Oster,1,2,2.23,0.82,16,7,4,3,2,1,4,3,1.64,1.24,6,1,6,3,10,6,6,1,0,2,1.51,0.64,1.24,1.64,57,43,38,18,465,369,383,276,1,0,53,59,33,14,0,0,126,67,33,8,7,2,1,2,14,9,0,0,9,14,28,30,19,14,75,59,24,32,8,11,0,0,0,0,1,3,0,0,0,3,0,0,0,0
142,2025-05-31 16:00:00,allsvenskan,sweden,round 12,wolf v. (swe),borås arena (borås),16200,Elfsborg,Hammarby,0,2,1.49,1.26,11,21,2,8,3,2,3,4,0.9,1.91,8,5,1,8,9,10,2,11,1,0,1.71,1.53,1.91,0.9,31,69,21,42,260,615,191,532,0,0,59,31,22,10,0,0,64,189,20,10,5,2,4,1,13,15,0,0,15,13,16,16,11,13,49,61,26,26,13,3,0,0,0,1,6,2,0,0,3,0,0,0,0,0
143,2025-05-25 15:00:00,allsvenskan,sweden,round 11,johnson o. (swe),örjans vall (halmstad),11100,Halmstad,Elfsborg,1,4,1.15,2.94,13,14,1,6,2,4,3,3,0.09,3.05,9,3,3,5,10,8,3,6,1,0,0.56,0.92,3.05,0.09,54,46,24,28,501,428,393,339,0,0,59,63,20,26,0,0,53,94,15,18,6,2,1,7,8,16,0,0,16,8,19,23,11,15,54,65,24,23,7,11,1,0,0,0,2,0,0,0,1,1,0,0,0,0
144,2025-05-19 20:10:00,allsvenskan,sweden,round 10,karlsson k. (swe),borås arena (borås),16200,Elfsborg,Djurgarden,4,0,1.66,0.13,10,6,7,2,3,1,3,2,2.82,0.03,2,4,1,0,8,0,2,6,0,0,1.97,0.47,0.03,2.82,36,64,27,10,343,636,270,543,0,1,56,42,24,16,0,0,74,99,16,12,6,0,1,1,11,19,0,0,19,11,12,17,11,14,41,52,18,16,12,7,0,0,0,1,2,3,0,-1,0,1,0,1,0,0
145,2025-05-15 20:00:00,allsvenskan,sweden,round 9,ostling j. (swe),borås arena (borås),16200,Elfsborg,Brommapojkarna,4,3,1.68,1.78,14,19,7,7,4,1,2,4,2.98,2.91,4,5,3,7,10,12,4,7,1,0,1.17,1.42,2.91,2.98,50,50,29,31,469,466,392,409,0,0,68,34,27,18,0,0,71,104,16,21,2,7,0,3,10,12,0,0,12,10,18,10,9,9,43,38,14,20,11,9,0,0,0,0,4,3,0,-1,1,2,0,0,0,0
146,2025-05-11 17:30:00,allsvenskan,sweden,round 8,maqedonci g. (swe),visma arena (växjö),12000,Oster,Elfsborg,0,1,1.03,1.82,5,21,2,5,1,3,9,9,0.37,1.82,2,11,1,5,4,16,1,5,1,0,0.43,2.67,1.82,0.37,59,41,9,41,539,354,464,278,0,0,41,53,23,20,0,0,64,111,21,35,1,13,2,2,12,11,0,0,11,12,13,15,10,9,43,46,36,19,4,8,0,0,1,0,4,2,1,0,2,4,0,0,0,0
147,2025-05-31 16:00:00,allsvenskan,sweden,round 12,wolf v. (swe),borås arena (borås),16200,Elfsborg,Hammarby,0,2,1.49,1.26,11,21,2,8,3,2,3,4,0.9,1.91,8,5,1,8,9,10,2,11,1,0,1.71,1.53,1.91,0.9,31,69,21,42,260,615,191,532,0,0,59,31,22,10,0,0,64,189,20,10,5,2,4,1,13,15,0,0,15,13,16,16,11,13,49,61,26,26,13,3,0,0,0,1,6,2,0,0,3,0,0,0,0,0
148,2025-05-26 20:10:00,allsvenskan,sweden,round 11,al-hakim m. (swe),3arena (stockholm),33000,Hammarby,Degerfors,1,0,0.78,0.67,13,13,2,2,1,0,4,2,0.82,0.11,5,8,6,3,5,8,8,5,0,0,1.74,0.31,0.11,0.82,70,30,32,21,675,282,607,209,0,0,32,56,17,21,0,0,203,67,16,14,4,3,1,2,14,8,0,0,8,14,23,26,13,11,67,48,29,23,11,11,0,0,0,0,2,1,0,0,2,0,0,0,0,0
149,2025-05-22 20:00:00,allsvenskan,sweden,round 18,johnson o. (swe),3arena (stockholm),33000,Hammarby,Mjallby,1,2,1.59,0.75,26,9,7,5,2,1,10,3,1.03,0.93,10,3,9,1,13,5,13,4,1,0,1.6,0.88,0.93,1.03,55,45,41,22,511,428,417,338,0,0,35,52,13,15,0,0,137,67,20,9,4,3,0,1,18,10,0,0,10,18,27,25,14,15,71,53,13,32,10,16,0,0,0,0,3,6,-1,0,0,2,0,0,0,0
150,2025-05-18 15:00:00,allsvenskan,sweden,round 10,ladeback a. (swe),strawberry arena (solna),50000,AIK,Hammarby,0,0,1.55,0.65,15,9,2,2,2,1,7,4,0.57,1.29,10,6,3,1,10,4,5,5,1,1,2.45,1.16,1.29,0.57,41,59,39,13,301,453,202,355,0,0,62,61,29,20,0,0,99,88,26,12,6,3,0,2,11,12,0,0,12,11,25,15,13,7,68,46,24,52,10,8,0,0,0,0,2,2,1,0,3,3,0,0,0,0
151,2025-05-14 20:00:00,allsvenskan,sweden,round 9,aganovic a. (swe),3arena (stockholm),33000,Hammarby,Sirius,3,2,1.51,0.97,17,11,4,4,3,1,10,3,1.79,1.33,5,5,8,2,11,6,6,5,1,0,1.49,0.52,1.33,1.79,68,32,50,15,605,285,539,206,0,0,30,64,15,24,0,0,206,55,26,15,7,1,1,0,13,7,0,0,7,13,14,33,8,22,44,52,25,35,11,12,1,1,0,0,2,1,0,-1,1,2,0,0,0,0
152,2025-05-31 16:00:00,allsvenskan,sweden,round 12,wolf v. (swe),borås arena (borås),16200,Elfsborg,Hammarby,0,2,1.49,1.26,11,21,2,8,3,2,3,4,0.9,1.91,8,5,1,8,9,10,2,11,1,0,1.71,1.53,1.91,0.9,31,69,21,42,260,615,191,532,0,0,59,31,22,10,0,0,64,189,20,10,5,2,4,1,13,15,0,0,15,13,16,16,11,13,49,61,26,26,13,3,0,0,0,1,6,2,0,0,3,0,0,0,0,0
153,2025-05-31 16:00:00,allsvenskan,sweden,round 12,johnson o. (swe),platinumcars arena (norrköping),17234,Norrkoping,GAIS,0,3,0.84,1.89,10,21,1,5,2,3,4,6,0.95,1.83,5,10,4,6,5,16,5,5,1,0,0.62,1.53,1.83,0.95,50,50,12,36,397,391,313,307,0,0,58,56,21,23,0,0,45,132,13,24,2,8,2,4,20,10,0,0,10,20,22,20,14,10,75,55,40,26,9,10,0,0,0,1,2,1,-1,0,1,4,0,0,0,0
154,2025-05-26 20:00:00,allsvenskan,sweden,round 11,ladeback a. (swe),platinumcars arena (norrköping),17234,Norrkoping,Mjallby,1,1,1.81,1.46,17,19,5,7,1,2,6,7,0.38,2.02,4,5,8,7,7,9,10,10,1,1,0.64,1.52,2.02,0.38,42,58,25,26,354,490,283,414,0,0,47,48,17,20,0,0,70,127,14,18,5,3,0,2,16,15,0,0,15,16,20,13,10,9,58,38,37,14,10,7,0,0,1,0,6,4,1,0,3,2,0,0,0,0
155,2025-05-19 20:00:00,allsvenskan,sweden,round 10,ostling j. (swe),studenternas ip (uppsala),10522,Sirius,Norrkoping,1,2,1.97,0.98,25,8,7,3,2,1,14,2,1.36,1.18,10,2,8,3,17,5,8,3,2,0,1.56,0.43,1.18,1.36,60,40,50,16,476,352,391,275,0,0,65,57,32,23,0,0,120,36,50,4,12,2,4,1,14,10,0,0,10,14,23,13,14,4,64,51,18,65,7,9,0,0,0,0,1,6,0,0,1,4,0,0,0,0
156,2025-05-15 20:00:00,allsvenskan,sweden,round 9,nyberg g. (swe),platinumcars arena (norrköping),17234,Norrkoping,Degerfors,1,2,1.4,1.35,13,11,5,4,1,1,8,6,1.66,1.54,3,5,5,2,9,8,4,3,0,2,0.94,0.38,1.54,1.66,64,36,29,25,553,305,469,228,0,0,57,54,32,20,0,0,142,69,31,29,9,6,0,1,29,13,0,0,13,29,13,22,9,16,67,59,37,46,2,16,0,0,0,0,2,4,0,0,2,6,0,0,0,0
157,2025-05-11 15:00:00,allsvenskan,sweden,round 8,wolf v. (swe),3arena (stockholm),33000,Hammarby,Norrkoping,1,1,1.83,0.5,22,9,6,2,3,3,7,2,1.25,0.99,9,3,7,4,15,5,7,4,1,2,2.2,0.47,0.99,1.25,71,29,48,13,687,285,602,203,0,0,44,49,25,10,0,0,176,25,25,7,6,2,0,0,13,12,0,0,12,13,20,27,17,17,64,58,10,53,4,12,0,0,1,0,1,5,0,0,4,2,0,0,0,0
158,2025-05-31 16:00:00,allsvenskan,sweden,round 12,johnson o. (swe),platinumcars arena (norrköping),17234,Norrkoping,GAIS,0,3,0.84,1.89,10,21,1,5,2,3,4,6,0.95,1.83,5,10,4,6,5,16,5,5,1,0,0.62,1.53,1.83,0.95,50,50,12,36,397,391,313,307,0,0,58,56,21,23,0,0,45,132,13,24,2,8,2,4,20,10,0,0,10,20,22,20,14,10,75,55,40,26,9,10,0,0,0,1,2,1,-1,0,1,4,0,0,0,0
159,2025-05-24 18:30:00,allsvenskan,sweden,round 11,sundell r. (swe),gamla ullevi (göteborg),18416,GAIS,Sirius,2,1,2.67,1.1,28,9,10,4,2,2,9,2,3.53,1.37,8,2,10,3,14,6,14,3,0,1,1.71,0.75,1.37,3.53,54,46,33,17,426,378,340,278,1,0,48,75,19,25,0,0,134,58,30,18,6,5,1,2,10,16,0,0,16,10,23,27,14,17,65,61,18,46,10,5,0,0,0,0,3,8,0,1,2,3,0,0,0,0
160,2025-05-18 17:30:00,allsvenskan,sweden,round 10,nyberg g. (swe),visma arena (växjö),12000,Oster,GAIS,1,1,0.67,1.22,8,14,2,4,1,1,8,8,0.98,0.82,3,6,3,4,3,7,4,7,0,0,1.06,1.31,0.82,0.98,55,45,15,20,483,394,407,324,0,0,73,50,39,22,0,0,73,79,25,23,3,7,1,0,12,13,0,0,13,12,22,15,12,5,63,50,28,28,10,7,0,0,0,0,3,1,0,0,1,0,0,0,0,0
161,2025-05-14 20:00:00,allsvenskan,sweden,round 9,al-hakim m. (swe),örjans vall (halmstad),11100,Halmstad,GAIS,1,3,1.17,3.47,14,15,4,6,2,7,1,5,1.18,2.82,8,9,2,0,10,11,4,4,0,1,0.74,1.17,2.82,1.18,49,51,18,24,464,473,357,374,0,1,77,76,29,26,0,0,47,136,12,20,6,7,0,2,11,11,0,0,11,11,9,14,7,7,46,49,30,42,3,9,0,1,0,0,3,3,0,0,0,0,0,0,0,0
162,2025-05-10 18:30:00,allsvenskan,sweden,round 8,klitte f. (swe),gamla ullevi (göteborg),18416,GAIS,Varnamo,1,1,0.94,0.56,21,13,5,3,1,0,6,2,0.32,0.59,12,6,4,4,13,3,8,10,0,0,0.8,0.54,0.59,0.32,61,39,37,13,603,373,485,265,0,0,60,81,21,21,0,0,139,60,18,17,7,3,0,3,14,11,0,0,11,14,22,29,14,16,69,66,28,25,8,11,0,0,0,0,2,4,0,0,3,2,0,0,0,0
163,2025-05-31 16:00:00,allsvenskan,sweden,round 12,johnson o. (swe),platinumcars arena (norrköping),17234,Norrkoping,GAIS,0,3,0.84,1.89,10,21,1,5,2,3,4,6,0.95,1.83,5,10,4,6,5,16,5,5,1,0,0.62,1.53,1.83,0.95,50,50,12,36,397,391,313,307,0,0,58,56,21,23,0,0,45,132,13,24,2,8,2,4,20,10,0,0,10,20,22,20,14,10,75,55,40,26,9,10,0,0,0,1,2,1,-1,0,1,4,0,0,0,0
164,2025-05-31 14:00:00,league cup,thailand,final,kim woo-sung (kor),700th anniversary stadium (chiang mai),17909,Lamphun Warrior,Buriram,0,2,0.64,1.56,5,17,1,6,0,1,4,5,0.34,1.89,3,4,1,7,3,11,2,6,0,1,0.31,1.16,1.89,0.34,25,75,13,37,130,373,36,270,0,0,70,74,8,25,0,0,13,111,8,38,1,9,5,2,9,7,0,0,7,9,17,13,8,12,48,39,54,20,4,14,0,0,0,0,4,1,0,0,4,5,1,0,0,0
165,2025-05-17 15:00:00,league cup,thailand,semi-finals,cao y. (chn),700th anniversary stadium (chiang mai),17909,Lamphun Warrior,Ratchaburi,1,0,1.17,1.57,12,25,5,2,1,0,3,3,1.49,0.44,3,15,4,8,4,16,8,9,0,0,0.86,1.17,0.44,1.49,40,60,21,30,256,362,99,197,0,0,145,127,41,37,0,0,55,69,19,47,6,15,0,2,18,27,0,0,27,18,5,21,3,15,47,66,43,34,10,9,0,0,0,0,2,4,0,0,3,2,1,0,0,0
166,2025-04-27 14:00:00,thai league 1,thailand,round 30,phonkaew j. (tha),uthai thani provincial stadium (uthai thani),4800,Uthai Thani,Lamphun Warrior,1,1,1.12,0.75,18,9,4,5,0,1,8,4,0.72,0.75,7,4,7,0,11,7,7,2,2,1,0.88,0.74,0.75,0.72,68,32,19,18,400,190,353,139,0,0,44,52,32,23,0,0,82,29,26,11,6,1,1,0,19,14,0,0,14,19,14,17,12,12,46,52,17,25,11,8,0,0,0,0,4,3,0,0,5,6,0,0,0,0
167,2025-04-19 15:00:00,thai league 1,thailand,round 29,choosuwan n. (tha),700th anniversary stadium (chiang mai),17909,Lamphun Warrior,Nakhon Pathom,1,1,1.93,1.12,21,9,3,3,0,1,10,1,1.07,0.79,11,5,7,1,16,5,4,4,0,0,1.27,1.15,0.79,1.07,58,42,28,6,347,258,253,170,0,0,62,53,28,12,0,0,78,51,24,9,5,2,1,0,13,15,0,0,15,13,7,16,6,11,42,47,26,31,9,12,0,0,0,0,2,2,0,0,4,3,0,0,0,0
168,2025-05-31 16:00:00,super lig,turkey,round 38,cakir o. (tur),ulker stadium şükrü saracoğlu (istanbul),50530,Fenerbahce,Konyaspor,2,1,1.98,0.29,19,4,5,1,3,1,6,2,1.45,0.87,8,3,6,0,6,1,13,3,0,1,2.26,0.19,0.87,1.45,61,39,30,3,517,333,460,273,1,0,26,58,18,38,0,0,163,52,33,6,6,1,0,1,7,10,0,0,10,7,22,8,13,8,47,35,5,39,6,13,0,0,0,0,0,3,0,0,4,0,0,0,0,0
169,2025-05-26 20:00:00,super lig,turkey,round 37,arslan y. (tur),mersin stadyumu (mersin),25497,Hatayspor,Fenerbahce,4,2,2.14,2.77,15,20,7,7,2,4,2,8,2.56,1.62,6,10,2,3,5,13,10,7,1,0,0.46,1.42,1.62,2.56,53,47,13,32,462,389,414,335,1,1,54,22,30,13,0,0,53,97,5,29,1,7,0,5,11,10,0,0,10,11,10,13,5,6,29,34,29,7,9,2,0,1,1,0,5,3,0,0,1,2,0,1,0,0
170,2025-05-18 19:00:00,super lig,turkey,round 36,ergun o. (tur),ulker stadium şükrü saracoğlu (istanbul),50530,Fenerbahce,Eyupspor,2,1,3.45,1.68,21,10,7,3,4,3,7,2,3.02,1.49,9,4,5,3,17,6,4,4,1,0,1.45,1.48,1.49,3.02,39,61,30,28,359,571,286,512,0,0,52,42,24,17,0,0,60,124,19,18,7,3,0,2,9,9,0,0,9,9,20,9,12,8,43,36,23,15,9,15,0,0,1,0,2,5,0,1,2,1,0,0,0,0
171,2025-05-09 20:00:00,super lig,turkey,round 35,pakkan b. (tur),basaksehir fatih terim stadium (istanbul),17156,Basaksehir,Fenerbahce,1,4,1.46,3.47,14,19,6,9,2,5,5,5,2.74,4.1,2,5,6,5,8,16,6,3,0,0,0.66,2.5,4.1,2.74,50,50,23,33,445,441,367,373,0,0,54,49,29,27,0,0,52,91,19,16,7,6,0,3,16,9,0,0,9,16,19,17,9,9,54,37,11,22,13,10,0,0,0,0,5,5,0,1,1,4,0,0,0,0
172,2025-05-04 19:00:00,super lig,turkey,round 34,kol y. (tur),ulker stadium şükrü saracoğlu (istanbul),50530,Fenerbahce,Besiktas,0,1,0.79,1.69,17,8,7,4,0,3,8,5,0.59,1.9,5,3,5,1,6,5,11,3,0,0,1.57,0.45,1.9,0.59,62,38,35,15,466,301,388,225,0,1,57,61,31,18,0,0,121,39,38,11,5,2,5,0,20,13,0,0,13,20,15,14,10,8,56,49,19,48,7,13,1,0,0,0,3,7,0,0,3,4,0,0,0,0
173,2025-05-31 16:00:00,super lig,turkey,round 38,akarsu a. (tur),çaykur didi stadyumu (rize),15558,Rizespor,Hatayspor,5,2,4.79,0.77,21,13,14,7,12,1,7,8,3.36,1.67,7,4,0,2,19,6,2,7,0,0,2.92,0.89,1.67,3.36,50,50,41,18,335,352,291,286,2,0,36,65,26,35,0,0,92,78,33,14,11,5,4,1,8,9,0,0,9,8,11,20,10,13,41,40,16,31,7,8,0,0,0,2,5,9,0,-1,2,0,0,0,0,0
174,2025-05-25 19:00:00,super lig,turkey,round 37,meler h. u. (tur),tupras stadium (istanbul),42590,Besiktas,Rizespor,1,2,1.25,0.59,25,10,4,5,2,1,6,7,0.66,1.54,10,3,11,2,13,6,12,4,0,0,1.19,0.5,1.54,0.66,58,42,38,16,480,342,414,287,0,0,31,39,16,21,0,0,169,74,23,18,3,5,0,1,15,9,0,0,9,15,14,16,9,11,56,42,14,31,9,10,1,0,0,0,3,3,0,0,2,3,0,0,0,0
175,2025-05-18 19:00:00,super lig,turkey,round 36,cakir o. (tur),çaykur didi stadyumu (rize),15558,Rizespor,Goztepe,6,3,1.93,1.87,11,20,8,5,3,2,2,2,2.13,2.07,3,11,0,4,8,13,3,7,0,1,0.52,1.16,2.07,2.13,43,57,21,33,298,388,192,300,0,1,77,53,25,24,0,0,57,96,9,23,2,10,0,0,14,11,0,0,11,14,19,10,9,4,62,59,33,32,15,11,0,0,0,0,2,2,0,-3,0,1,0,0,0,0
176,2025-05-10 16:00:00,super lig,turkey,round 35,ergun o. (tur),konya buyuksehir belediye stadium (konya),42000,Konyaspor,Rizespor,2,1,1.5,1.21,18,12,7,4,5,0,5,5,1.93,1.34,9,6,2,2,13,5,5,7,1,0,1.52,0.75,1.34,1.93,40,60,25,14,296,456,246,396,0,1,49,52,27,30,0,0,61,81,19,20,10,7,0,0,8,14,0,0,14,8,13,9,9,4,40,42,20,13,12,8,0,0,0,0,3,5,0,0,2,2,0,0,0,0
177,2025-05-03 16:00:00,super lig,turkey,round 34,turkmen m. (tur),çaykur didi stadyumu (rize),15558,Rizespor,Gaziantep,2,0,2.89,0.58,20,14,10,3,3,0,12,6,4.05,0.34,4,5,6,6,15,4,5,10,0,0,1.4,0.81,0.34,4.05,44,56,34,23,323,432,258,352,1,0,48,58,27,29,0,0,68,116,25,15,8,3,4,1,10,10,0,0,10,10,20,15,16,13,48,36,26,19,10,4,0,0,0,0,3,8,0,2,3,0,0,0,0,0
178,2025-05-31 16:00:00,super lig,turkey,round 38,akarsu a. (tur),çaykur didi stadyumu (rize),15558,Rizespor,Hatayspor,5,2,4.79,0.77,21,13,14,7,12,1,7,8,3.36,1.67,7,4,0,2,19,6,2,7,0,0,2.92,0.89,1.67,3.36,50,50,41,18,335,352,291,286,2,0,36,65,26,35,0,0,92,78,33,14,11,5,4,1,8,9,0,0,9,8,11,20,10,13,41,40,16,31,7,8,0,0,0,2,5,9,0,-1,2,0,0,0,0,0
179,2025-05-26 20:00:00,super lig,turkey,round 37,arslan y. (tur),mersin stadyumu (mersin),25497,Hatayspor,Fenerbahce,4,2,2.14,2.77,15,20,7,7,2,4,2,8,2.56,1.62,6,10,2,3,5,13,10,7,1,0,0.46,1.42,1.62,2.56,53,47,13,32,462,389,414,335,1,1,54,22,30,13,0,0,53,97,5,29,1,7,0,5,11,10,0,0,10,11,10,13,5,6,29,34,29,7,9,2,0,1,1,0,5,3,0,0,1,2,0,1,0,0
180,2025-05-17 19:00:00,super lig,turkey,round 36,turtay o. (tur),yeni adana stadyumu (adana),33543,Adana Demirspor,Hatayspor,0,5,1.73,3.14,15,16,5,8,2,5,5,6,1.47,4.08,5,6,5,2,6,11,9,5,1,0,0.79,1.13,4.08,1.47,40,60,21,30,329,518,265,467,1,2,35,49,12,33,0,0,40,58,14,8,2,2,0,4,10,9,0,0,9,10,13,17,5,9,28,35,8,24,7,6,1,0,0,0,3,5,0,1,2,3,0,0,0,0
181,2025-05-11 19:00:00,super lig,turkey,round 35,taskinsoy a. b. (tur),gürsel aksel stadyumu (izmir),19713,Goztepe,Hatayspor,1,1,2.29,0.2,22,7,8,2,5,1,9,4,1.31,0.71,8,4,6,1,17,3,5,4,1,0,3.26,0.07,0.71,1.31,63,37,53,7,433,263,349,187,0,0,50,59,29,22,0,0,124,22,39,7,16,1,3,0,9,13,0,0,13,9,23,6,13,3,58,39,17,55,8,15,0,0,0,1,1,7,0,0,2,2,0,1,0,0
182,2025-05-03 19:00:00,super lig,turkey,round 34,yilmaz a. (tur),mersin stadyumu (mersin),25497,Hatayspor,Basaksehir,2,4,0.69,2.75,8,18,4,5,1,4,4,7,1.18,2.63,1,8,3,5,5,13,3,5,0,0,0.46,1.66,2.63,1.18,46,54,18,35,377,441,309,401,1,1,48,44,23,30,0,0,50,119,15,25,2,3,2,2,13,14,0,0,14,13,16,10,10,6,44,44,20,27,9,11,0,1,0,0,1,2,-1,0,4,1,0,0,0,0
183,2025-05-31 16:00:00,super lig,turkey,round 38,akarsu a. (tur),çaykur didi stadyumu (rize),15558,Rizespor,Hatayspor,5,2,4.79,0.77,21,13,14,7,12,1,7,8,3.36,1.67,7,4,0,2,19,6,2,7,0,0,2.92,0.89,1.67,3.36,50,50,41,18,335,352,291,286,2,0,36,65,26,35,0,0,92,78,33,14,11,5,4,1,8,9,0,0,9,8,11,20,10,13,41,40,16,31,7,8,0,0,0,2,5,9,0,-1,2,0,0,0,0,0
184,2025-05-31 19:00:00,super lig,turkey,round 38,sen a. (tur),yeni adana stadyumu (adana),33543,Adana Demirspor,Gaziantep,2,2,1.46,2.12,19,20,8,10,2,6,7,2,1.93,3.04,4,8,7,2,10,12,9,8,0,0,0.55,1.39,3.04,1.93,46,54,17,35,323,379,243,310,0,2,55,53,22,38,0,0,56,100,9,12,1,7,2,8,12,14,0,0,14,12,17,20,10,10,49,50,23,15,6,8,0,0,0,1,8,6,1,0,3,0,0,0,0,0
185,2025-05-25 19:00:00,super lig,turkey,round 37,hasova g. (tur),basaksehir fatih terim stadium (istanbul),17156,Basaksehir,Adana Demirspor,2,3,4.98,1.49,32,8,5,4,8,3,10,0,1.77,1.89,18,3,9,1,21,6,11,2,1,0,3.94,0.19,1.89,1.77,72,28,56,10,562,229,504,166,0,0,29,49,22,10,0,0,164,17,45,5,21,1,2,1,11,20,0,0,20,11,16,17,11,12,68,52,5,40,11,8,0,1,0,0,1,3,-1,0,3,4,0,1,0,0
186,2025-05-17 19:00:00,super lig,turkey,round 36,turtay o. (tur),yeni adana stadyumu (adana),33543,Adana Demirspor,Hatayspor,0,5,1.73,3.14,15,16,5,8,2,5,5,6,1.47,4.08,5,6,5,2,6,11,9,5,1,0,0.79,1.13,4.08,1.47,40,60,21,30,329,518,265,467,1,2,35,49,12,33,0,0,40,58,14,8,2,2,0,4,10,9,0,0,9,10,13,17,5,9,28,35,8,24,7,6,1,0,0,0,3,5,0,1,2,3,0,0,0,0
187,2025-05-11 19:00:00,super lig,turkey,round 35,altay c. (tur),tupras stadium (istanbul),42590,Besiktas,Adana Demirspor,4,1,3.76,0.53,30,8,14,4,7,1,13,4,3.28,1.14,9,3,7,1,23,2,7,6,0,1,2.31,0.1,1.14,3.28,63,37,60,6,503,298,445,234,0,0,31,49,19,21,0,0,147,30,21,8,5,0,4,2,13,11,0,0,11,13,15,21,11,10,43,39,13,25,7,17,0,1,0,0,3,10,0,0,3,4,0,0,0,0
188,2025-05-04 19:00:00,super lig,turkey,round 34,kolak b. (tur),yeni adana stadyumu (adana),33543,Adana Demirspor,Goztepe,1,2,1.19,1.4,12,15,3,6,1,6,3,4,1.09,2.51,6,7,3,2,5,11,7,4,0,0,0.63,0.86,2.51,1.09,55,45,14,31,415,344,303,241,2,0,69,72,23,30,0,0,67,74,22,17,5,6,1,1,26,8,0,0,8,26,16,16,11,11,58,59,19,25,18,13,1,1,1,0,4,2,0,0,3,3,0,0,0,0
189,2025-05-31 19:00:00,super lig,turkey,round 38,sen a. (tur),yeni adana stadyumu (adana),33543,Adana Demirspor,Gaziantep,2,2,1.46,2.12,19,20,8,10,2,6,7,2,1.93,3.04,4,8,7,2,10,12,9,8,0,0,0.55,1.39,3.04,1.93,46,54,17,35,323,379,243,310,0,2,55,53,22,38,0,0,56,100,9,12,1,7,2,8,12,14,0,0,14,12,17,20,10,10,49,50,23,15,6,8,0,0,0,1,8,6,1,0,3,0,0,0,0,0
190,2025-05-24 19:00:00,super lig,turkey,round 37,tokail f. (tur),kalyon stadyumu (gaziantep),35574,Gaziantep,Kasimpasa,2,2,2.63,2.02,10,14,3,4,3,2,3,8,2.1,2.16,5,8,2,2,8,7,2,7,0,0,1.32,1.48,2.16,2.1,36,64,28,25,248,442,185,377,1,0,49,48,23,26,0,0,44,68,12,21,6,3,1,1,12,16,0,0,16,12,15,14,6,12,42,51,24,21,8,6,0,1,1,0,2,1,0,0,2,5,0,0,0,0
191,2025-05-18 19:00:00,super lig,turkey,round 36,akarsu a. (tur),corendon airlines park (antalya),32537,Antalyaspor,Gaziantep,0,0,0.98,1.25,11,11,3,4,2,2,5,6,0.32,1.03,5,4,3,3,8,9,3,2,0,1,0.72,0.57,1.03,0.32,57,43,18,15,448,344,398,284,0,0,39,55,18,31,0,0,85,36,24,9,7,5,2,2,10,12,0,0,12,11,12,10,8,8,33,42,13,20,13,3,0,0,0,1,4,3,1,0,2,2,0,0,0,0
192,2025-05-09 20:00:00,super lig,turkey,round 35,saglam k. (tur),kalyon stadyumu (gaziantep),35574,Gaziantep,Alanyaspor,0,1,0.4,1.02,10,8,3,4,1,4,2,0,0.38,1.61,4,4,3,0,6,3,4,5,0,1,1.21,0.59,1.61,0.38,60,40,20,9,530,355,459,288,2,1,58,57,27,26,0,0,74,60,17,9,1,4,1,1,13,13,0,0,13,13,12,14,10,9,44,41,10,39,3,13,1,0,0,1,3,3,0,0,2,2,1,0,0,0
193,2025-05-03 16:00:00,super lig,turkey,round 34,turkmen m. (tur),çaykur didi stadyumu (rize),15558,Rizespor,Gaziantep,2,0,2.89,0.58,20,14,10,3,3,0,12,6,4.05,0.34,4,5,6,6,15,4,5,10,0,0,1.4,0.81,0.34,4.05,44,56,34,23,323,432,258,352,1,0,48,58,27,29,0,0,68,116,25,15,8,3,4,1,10,10,0,0,10,10,20,15,16,13,48,36,26,19,10,4,0,0,0,0,3,8,0,2,3,0,0,0,0,0
194,2025-05-31 19:00:00,super lig,turkey,round 38,sen a. (tur),yeni adana stadyumu (adana),33543,Adana Demirspor,Gaziantep,2,2,1.46,2.12,19,20,8,10,2,6,7,2,1.93,3.04,4,8,7,2,10,12,9,8,0,0,0.55,1.39,3.04,1.93,46,54,17,35,323,379,243,310,0,2,55,53,22,38,0,0,56,100,9,12,1,7,2,8,12,14,0,0,14,12,17,20,10,10,49,50,23,15,6,8,0,0,0,1,8,6,1,0,3,0,0,0,0,0
195,2025-05-31 19:00:00,super lig,turkey,round 38,saglam k. (tur),gai̇n park stadyumu (alanya),10128,Alanyaspor,Sivasspor,2,0,1.84,0.36,13,7,6,0,4,1,5,2,2.45,0.0,2,7,5,0,10,4,3,3,1,0,1.25,0.34,0.0,2.45,65,35,19,7,651,338,594,282,0,0,40,41,23,15,0,0,87,33,14,9,4,3,3,5,9,15,0,0,15,9,15,6,9,3,35,27,8,8,7,4,0,0,0,1,0,4,0,0,0,0,0,0,0,0
196,2025-05-25 19:00:00,super lig,turkey,round 37,karaoglan a. (tur),konya buyuksehir belediye stadium (konya),42000,Konyaspor,Alanyaspor,1,2,0.66,0.76,12,10,4,5,1,2,6,2,0.74,1.73,6,5,2,0,7,7,5,3,1,0,1.38,0.34,1.73,0.74,53,47,18,17,436,389,373,331,0,0,42,51,24,27,0,0,62,63,17,11,5,3,1,0,12,13,0,0,13,12,11,11,6,6,32,32,18,19,9,4,0,0,1,0,3,3,0,0,4,5,1,0,0,0
197,2025-05-18 19:00:00,super lig,turkey,round 36,turkmen m. (tur),gai̇n park stadyumu (alanya),10128,Alanyaspor,Besiktas,1,1,0.65,1.55,11,12,4,6,1,2,4,2,0.48,1.58,4,2,3,4,8,5,3,7,0,0,0.68,1.36,1.58,0.48,40,60,19,23,387,587,334,526,0,0,50,45,32,29,0,0,65,216,14,19,6,4,1,1,14,10,0,0,10,14,10,5,7,5,41,30,32,9,5,4,0,0,0,0,5,3,0,0,0,2,0,0,0,0
198,2025-05-09 20:00:00,super lig,turkey,round 35,saglam k. (tur),kalyon stadyumu (gaziantep),35574,Gaziantep,Alanyaspor,0,1,0.4,1.02,10,8,3,4,1,4,2,0,0.38,1.61,4,4,3,0,6,3,4,5,0,1,1.21,0.59,1.61,0.38,60,40,20,9,530,355,459,288,2,1,58,57,27,26,0,0,74,60,17,9,1,4,1,1,13,13,0,0,13,13,12,14,10,9,44,41,10,39,3,13,1,0,0,1,3,3,0,0,2,2,1,0,0,0
199,2025-05-03 16:00:00,super lig,turkey,round 34,ozturk u. (tur),gai̇n park stadyumu (alanya),10128,Alanyaspor,Kayserispor,1,1,1.18,0.59,16,7,1,3,1,1,4,6,0.89,0.6,13,2,2,2,10,5,6,2,0,0,1.4,0.39,0.6,0.89,56,44,31,17,470,372,399,304,1,0,49,73,24,42,0,0,85,67,27,19,10,5,2,2,21,5,0,0,5,21,7,10,4,5,52,34,22,31,6,10,0,0,0,1,2,0,0,0,1,3,0,0,0,0
200,2025-05-31 19:00:00,super lig,turkey,round 38,saglam k. (tur),gai̇n park stadyumu (alanya),10128,Alanyaspor,Sivasspor,2,0,1.84,0.36,13,7,6,0,4,1,5,2,2.45,0.0,2,7,5,0,10,4,3,3,1,0,1.25,0.34,0.0,2.45,65,35,19,7,651,338,594,282,0,0,40,41,23,15,0,0,87,33,14,9,4,3,3,5,9,15,0,0,15,9,15,6,9,3,35,27,8,8,7,4,0,0,0,1,0,4,0,0,0,0,0,0,0,0
209,2025-06-01 19:10:00,copa argentina,argentina,1/16-finals,cavallero l. (arg),estadio norberto tito tomaghello (gobernador julio a. costa),20000,Estudiantes L.P.,Aldosivi,1,2,0.65,1.01,8,16,2,7,0,1,3,9,1.04,1.81,3,7,3,2,8,7,0,9,0,0,0.75,0.6,1.81,1.04,50,50,21,20,393,370,301,297,0,1,66,54,25,24,0,0,62,78,14,37,4,6,0,2,11,13,0,0,13,11,11,14,7,12,34,36,34,20,6,7,0,0,0,0,6,1,0,0,2,2,1,0,0,0
210,2025-05-28 03:30:00,copa libertadores,south america,group stage - round 6,menendez a. (per),estadio jorge luis hirschi (la plata),32530,Estudiantes L.P. (Arg),Carabobo (Ven),2,0,1.74,0.18,20,6,9,1,2,0,4,3,2.53,0.13,5,4,6,1,14,0,6,6,0,0,1.12,0.54,0.13,2.53,60,40,31,12,566,361,484,275,3,0,64,56,34,17,0,0,85,49,13,18,8,1,2,2,8,13,0,0,13,8,13,15,10,8,37,45,25,16,16,13,0,0,0,0,1,7,0,0,1,0,0,0,0,0
211,2025-05-15 03:30:00,copa libertadores,south america,group stage - round 5,benitez j. (par),estadio olimpico nilton santos (rio de janeiro),46931,Botafogo RJ (Bra),Estudiantes L.P. (Arg),3,2,1.45,1.12,20,7,6,4,4,1,9,1,2.74,1.73,9,3,5,0,14,5,6,2,1,0,1.32,0.17,1.73,2.74,59,41,26,10,512,375,449,304,0,0,62,68,44,34,0,0,92,31,34,7,12,2,0,4,7,7,0,0,7,7,7,12,5,9,39,30,8,25,7,8,0,0,0,0,2,3,0,0,1,3,0,0,0,0
214,2025-06-01 23:00:00,division profesional,bolivia,round 7,,estadio jesús bermúdez (oruro),33000,GV San Jose,Nacional Potosi,1,0,0.8,0.69,14,16,5,4,0,1,5,5,0.59,0.3,5,6,4,6,6,7,8,9,0,0,0.35,0.6,0.3,0.59,49,51,11,22,348,349,271,286,1,0,73,88,30,60,0,0,55,75,16,31,2,5,2,3,8,10,0,0,10,8,11,8,7,8,30,32,24,22,11,9,0,0,0,0,4,4,0,0,2,3,0,0,0,0
215,2025-05-30 03:30:00,copa sudamericana,south america,group stage - round 6,batista e. (bra),estadio el teniente (rancagua),14087,U. Espanola (Chi),GV San Jose (Bol),4,0,2.02,0.15,20,9,10,1,5,0,8,1,2.71,0.04,9,5,1,3,12,0,8,9,1,0,2.46,0.17,0.04,2.71,57,43,33,9,544,422,467,346,0,0,52,42,32,10,0,0,90,63,24,16,7,0,1,2,3,10,0,0,10,3,17,6,11,3,37,35,29,26,13,7,0,2,0,1,1,6,0,-1,2,2,0,0,0,0
216,2025-05-26 00:15:00,division profesional,bolivia,round 9,revollo j. (bol),estadio jesús bermúdez (oruro),33000,GV San Jose,Real Oruro,0,0,0.83,0.61,14,18,3,6,0,0,7,3,0.16,1.08,7,7,4,5,9,6,5,12,0,0,0.79,0.53,1.08,0.16,39,61,19,16,261,435,185,371,0,0,55,65,24,42,0,0,59,91,22,15,7,4,0,2,11,10,0,0,10,11,13,5,11,5,33,26,14,27,7,3,0,0,0,0,6,3,1,0,2,4,0,1,0,0
217,2025-06-01 03:00:00,serie a betano,brazil,round 11,zanovelli p. (bra),sao januário (rio de janeiro),21880,Vasco,Bragantino,0,2,1.86,0.52,20,4,4,3,3,1,7,3,1.43,1.65,8,1,8,0,15,3,5,1,1,0,2.0,0.78,1.65,1.43,67,33,34,12,702,356,643,281,0,0,24,59,15,24,0,0,141,46,44,6,11,2,1,2,9,13,0,0,13,9,10,13,9,10,35,39,12,33,7,8,0,0,0,0,1,4,0,1,1,2,0,0,0,0
218,2025-05-28 01:00:00,copa sudamericana,south america,group stage - round 6,ospina j. (col),sao januário (rio de janeiro),21880,Vasco (Bra),FBC Melgar (Per),3,0,1.33,0.54,14,15,5,3,2,0,1,8,2.02,0.69,6,5,3,7,10,7,4,8,0,0,1.16,0.61,0.69,2.02,59,41,27,26,582,393,529,316,1,0,31,69,18,39,0,0,76,80,7,24,4,5,1,1,12,12,0,0,12,12,16,14,11,6,59,47,39,12,10,7,0,0,1,0,3,2,0,0,2,2,0,0,0,0
219,2025-05-25 00:30:00,serie a betano,brazil,round 10,pereira r. (bra),maracanã (rio de janeiro),78838,Fluminense,Vasco,2,1,1.13,0.66,17,7,5,2,1,2,6,2,1.13,1.03,10,4,2,1,9,4,8,3,0,1,0.74,0.46,1.03,1.13,51,49,23,5,432,422,371,371,0,0,39,36,22,14,0,0,99,39,21,12,6,2,0,1,16,11,0,0,11,16,15,20,11,9,52,50,13,44,2,7,0,0,1,1,1,3,0,0,4,3,0,0,0,0
220,2025-06-01 17:00:00,serie a betano,brazil,round 11,casagrande l. (bra),estádio josé maria de campos maia (mirassol),15000,Mirassol,Sport Recife,1,0,1.06,0.61,12,10,4,4,1,1,2,7,1.02,0.43,4,1,4,5,4,4,8,6,0,0,0.39,0.74,0.43,1.02,49,51,12,18,407,424,333,351,1,0,46,59,23,35,0,0,88,74,11,20,3,2,1,1,20,10,0,0,10,20,15,20,9,9,57,44,26,24,8,3,0,0,0,0,4,3,0,0,4,1,0,0,0,0
221,2025-05-25 00:30:00,serie a betano,brazil,round 10,gomes stefano a. (bra),estadio do morumbis (sao paulo),77011,Sao Paulo,Mirassol,0,2,0.5,1.83,13,7,3,3,0,2,5,4,0.72,1.74,2,3,8,1,8,4,5,3,0,0,0.81,0.14,1.74,0.72,51,49,15,10,473,463,397,388,0,0,54,57,29,24,0,0,93,50,25,14,5,1,0,1,11,19,0,0,19,11,17,21,14,14,46,56,28,30,5,10,0,0,0,1,1,3,0,0,4,1,0,0,0,0
222,2025-05-19 02:30:00,serie a betano,brazil,round 9,do nascimento w. (bra),estádio josé pinheiro borda (porto alegre),51300,Internacional,Mirassol,1,1,2.28,0.48,24,8,11,2,2,1,6,2,2.15,1.01,9,3,4,3,13,5,12,3,2,0,1.31,0.52,1.01,2.15,66,34,38,9,620,324,552,252,0,0,48,56,35,23,0,0,193,21,37,7,7,5,1,3,10,10,0,0,10,10,25,19,16,13,60,43,4,41,10,16,0,0,0,0,1,10,0,1,2,4,0,0,0,0
223,2025-05-11 00:30:00,serie a betano,brazil,round 8,vitor gobi j. (bra),estádio josé maria de campos maia (mirassol),15000,Mirassol,Corinthians,2,1,2.68,1.35,14,10,5,3,4,2,4,5,2.36,1.91,6,3,3,4,8,5,6,5,0,1,0.62,0.38,1.91,2.36,36,64,13,11,290,511,242,441,0,0,40,49,22,33,0,0,42,57,12,19,2,3,4,0,19,14,0,0,14,19,11,18,8,9,40,47,28,12,9,6,0,0,0,0,2,3,0,0,2,5,0,0,0,0
224,2025-05-06 01:00:00,serie a betano,brazil,round 7,bellote l. (bra),estádio municipal cicero de souza marques (bragança paulista),12000,Bragantino,Mirassol,1,0,0.7,0.51,15,12,4,3,1,0,4,4,1.58,0.93,7,6,4,3,7,6,8,6,1,0,0.62,0.48,0.93,1.58,53,47,25,22,509,446,441,363,0,0,53,46,27,22,0,0,132,98,20,19,1,4,1,0,12,8,0,0,8,12,16,18,9,14,54,56,29,18,9,10,0,0,1,0,3,3,0,0,2,3,0,0,0,0
225,2025-06-01 17:00:00,serie a betano,brazil,round 11,casagrande l. (bra),estádio josé maria de campos maia (mirassol),15000,Mirassol,Sport Recife,1,0,1.06,0.61,12,10,4,4,1,1,2,7,1.02,0.43,4,1,4,5,4,4,8,6,0,0,0.39,0.74,0.43,1.02,49,51,12,18,407,424,333,351,1,0,46,59,23,35,0,0,88,74,11,20,3,2,1,1,20,10,0,0,10,20,15,20,9,9,57,44,26,24,8,3,0,0,0,0,4,3,0,0,4,1,0,0,0,0
226,2025-05-25 22:00:00,serie a betano,brazil,round 10,lacerda d. (bra),estadio adelmar da costa carvalho (recife),26418,Sport Recife,Internacional,1,1,0.8,1.27,14,17,4,4,2,0,6,4,1.13,0.75,6,8,4,5,9,11,5,6,0,0,1.14,0.82,0.75,1.13,38,62,25,19,322,555,250,477,1,0,49,66,26,35,0,0,65,93,21,19,9,6,3,1,10,11,0,0,11,10,16,17,13,13,57,48,29,28,13,8,0,1,0,1,3,3,0,0,2,1,0,1,0,0
227,2025-05-17 22:00:00,serie a betano,brazil,round 9,bauermann g. (bra),castelão (fortaleza),64846,Ceara,Sport Recife,2,0,0.59,0.65,7,9,3,4,1,1,5,8,1.28,1.26,2,4,2,1,3,4,4,5,0,0,0.37,0.76,1.26,1.28,42,58,11,22,334,452,265,379,1,0,59,35,29,16,0,0,39,99,13,20,2,9,3,2,16,14,0,0,14,16,24,10,13,5,57,51,29,34,5,5,0,0,1,0,4,1,1,0,1,4,0,0,0,0
228,2025-05-11 22:00:00,serie a betano,brazil,round 8,claus r. (bra),estadio adelmar da costa carvalho (recife),26418,Sport Recife,Cruzeiro,0,4,1.08,1.36,11,17,4,6,1,2,7,4,1.37,1.4,7,9,0,2,6,9,5,8,0,1,1.69,1.07,1.4,1.37,45,55,24,20,403,506,330,430,2,2,45,42,25,19,0,0,87,57,21,13,7,4,0,2,5,11,0,0,11,5,14,18,10,13,35,46,20,28,10,7,1,0,1,0,2,4,-1,1,1,0,0,0,0,0
229,2025-05-04 00:30:00,serie a betano,brazil,round 7,klein r. (bra),maracanã (rio de janeiro),78838,Fluminense,Sport Recife,2,1,1.91,1.07,20,11,8,5,4,2,10,6,2.77,0.9,8,2,4,4,16,11,4,0,0,1,2.0,0.3,0.9,2.77,63,37,37,17,543,326,457,243,1,0,58,61,34,27,0,0,139,48,37,16,13,3,0,6,13,12,0,0,12,13,24,24,16,14,60,63,30,46,6,9,0,0,0,1,4,6,0,0,1,5,0,0,0,0
230,2025-06-01 17:00:00,serie a betano,brazil,round 11,casagrande l. (bra),estádio josé maria de campos maia (mirassol),15000,Mirassol,Sport Recife,1,0,1.06,0.61,12,10,4,4,1,1,2,7,1.02,0.43,4,1,4,5,4,4,8,6,0,0,0.39,0.74,0.43,1.02,49,51,12,18,407,424,333,351,1,0,46,59,23,35,0,0,88,74,11,20,3,2,1,1,20,10,0,0,10,20,15,20,9,9,57,44,26,24,8,3,0,0,0,0,4,3,0,0,4,1,0,0,0,0
231,2025-06-01 22:00:00,serie a betano,brazil,round 11,lacerda d. (bra),estadio urbano caldeira (santos),16068,Santos,Botafogo RJ,0,1,1.03,0.55,17,12,4,3,1,0,5,4,0.84,0.36,9,3,4,6,12,5,5,7,0,0,0.54,0.75,0.36,0.84,36,64,22,21,300,551,253,482,0,0,32,48,14,26,0,0,68,118,21,15,3,6,0,1,16,13,0,0,13,16,16,23,10,13,50,49,23,27,7,5,0,0,0,0,2,4,0,0,4,2,1,0,0,0
232,2025-06-01 00:30:00,serie b superbet,brazil,round 10,rodrigues f. (bra),estádio antonio accioly (goiânia),12500,Atletico GO,Goias,1,2,1.29,1.38,15,10,4,5,2,1,7,3,0.82,1.13,8,2,3,3,10,5,5,5,0,1,1.27,0.65,1.13,0.82,57,43,24,19,398,307,303,215,0,0,64,61,29,26,0,0,84,54,26,12,7,2,4,1,14,11,0,0,11,14,20,10,11,7,55,39,18,45,11,8,0,0,1,1,3,3,0,0,3,4,0,0,0,0
233,2025-05-28 01:30:00,serie b superbet,brazil,round 9,bellote l. (bra),mineirão (belo horizonte),61927,America MG,Atletico GO,2,1,0.73,0.67,11,11,5,3,0,0,6,4,1.03,0.69,2,5,4,3,8,5,3,6,0,0,0.58,0.54,0.69,1.03,48,52,17,13,446,479,367,392,0,0,65,57,32,26,0,0,69,71,18,23,3,5,2,1,14,17,0,0,17,14,10,9,3,6,35,42,23,21,8,13,0,0,0,0,2,3,0,0,4,1,0,0,0,0
234,2025-05-18 22:00:00,serie b superbet,brazil,round 8,gomes t. (bra),estádio antonio accioly (goiânia),12500,Atletico GO,Remo,1,1,1.94,0.8,23,7,9,2,2,2,8,5,1.31,1.0,7,4,7,1,8,7,15,1,0,1,1.6,0.32,1.0,1.31,71,29,24,11,573,238,513,158,0,0,83,57,59,21,0,0,163,28,46,9,8,5,1,1,11,13,0,0,13,11,15,17,12,15,40,42,9,42,12,10,0,0,0,0,1,8,0,0,1,1,0,0,0,0
235,2025-05-10 22:00:00,serie b superbet,brazil,round 7,do nascimento w. (bra),ressacada (florianópolis),17800,Avai,Atletico GO,0,0,2.44,0.29,19,11,5,3,2,0,6,4,0.38,0.05,9,5,5,3,12,3,7,8,1,0,1.08,0.76,0.05,0.38,55,45,28,12,447,370,341,266,0,0,48,108,23,50,0,0,84,57,19,14,5,7,2,2,8,13,0,0,13,8,11,13,7,11,42,48,29,40,8,13,0,0,0,0,3,5,0,0,3,2,0,0,0,0
236,2025-05-04 22:00:00,serie b superbet,brazil,round 6,de almeida andrade e. r. (bra),estádio antonio accioly (goiânia),12500,Atletico GO,Novorizontino,1,0,0.82,0.87,10,15,4,5,0,1,6,6,0.52,0.46,4,7,2,3,3,6,7,9,0,0,0.5,0.59,0.46,0.52,29,71,9,22,200,502,122,440,0,0,65,45,17,23,0,0,22,103,13,29,2,8,0,5,11,16,0,0,16,11,7,10,6,6,35,48,24,15,9,4,0,0,0,1,5,3,0,0,4,4,1,0,0,0
237,2025-06-01 00:30:00,serie b superbet,brazil,round 10,rodrigues f. (bra),estádio antonio accioly (goiânia),12500,Atletico GO,Goias,1,2,1.29,1.38,15,10,4,5,2,1,7,3,0.82,1.13,8,2,3,3,10,5,5,5,0,1,1.27,0.65,1.13,0.82,57,43,24,19,398,307,303,215,0,0,64,61,29,26,0,0,84,54,26,12,7,2,4,1,14,11,0,0,11,14,20,10,11,7,55,39,18,45,11,8,0,0,1,1,3,3,0,0,3,4,0,0,0,0
238,2025-05-24 03:35:00,serie b superbet,brazil,round 9,furtado a. (bra),estádio da serrinha (goiania),14450,Goias,Ferroviaria,2,0,0.85,0.63,10,19,5,5,2,1,4,8,1.25,0.2,2,8,3,6,5,7,5,12,0,1,1.78,0.28,0.2,1.25,43,57,26,16,333,444,269,367,0,0,48,58,27,24,0,0,104,76,20,23,6,5,1,1,11,25,0,0,25,11,14,21,9,13,50,67,24,13,12,9,0,0,0,0,5,3,0,0,4,1,0,0,0,0
239,2025-05-19 00:30:00,serie b superbet,brazil,round 8,oliveira m. (bra),leonidas sodre de castro (belem),16200,Paysandu PA,Goias,0,0,1.01,0.73,19,13,6,3,0,0,5,4,0.51,0.11,6,7,7,3,8,7,11,6,0,0,0.81,0.48,0.11,0.51,50,50,18,24,378,380,301,311,0,0,62,39,30,18,0,0,63,85,24,20,9,5,2,0,19,11,0,0,11,19,15,16,10,12,56,46,24,28,5,9,0,0,0,0,3,6,0,0,3,4,0,0,0,0
240,2025-05-11 00:30:00,serie b superbet,brazil,round 7,pinheiro j. (bra),estádio da serrinha (goiania),14450,Goias,Coritiba,1,0,1.53,0.62,18,7,4,1,2,0,5,7,0.79,0.0,12,4,2,2,11,4,7,3,0,0,1.55,0.42,0.0,0.79,45,55,25,11,362,465,282,391,0,0,53,56,27,26,0,0,100,43,27,17,9,3,0,2,4,13,0,0,13,4,12,9,7,4,35,37,16,23,7,10,0,0,0,0,1,3,0,0,1,0,0,0,0,0
241,2025-05-06 01:00:00,serie b superbet,brazil,round 6,santos sa junior f. a. (bra),estádio da serrinha (goiania),14450,Goias,Avai,2,1,1.36,0.9,26,14,7,3,0,1,13,5,1.49,0.65,11,6,8,5,12,8,14,6,1,0,0.9,0.61,0.65,1.49,63,37,27,20,394,236,322,164,0,0,56,52,28,22,0,0,115,43,33,16,7,3,2,6,10,12,0,0,12,10,6,18,4,14,34,46,18,32,2,7,1,0,0,0,2,5,0,0,2,4,0,1,0,0
242,2025-06-01 00:30:00,serie b superbet,brazil,round 10,rodrigues f. (bra),estádio antonio accioly (goiânia),12500,Atletico GO,Goias,1,2,1.29,1.38,15,10,4,5,2,1,7,3,0.82,1.13,8,2,3,3,10,5,5,5,0,1,1.27,0.65,1.13,0.82,57,43,24,19,398,307,303,215,0,0,64,61,29,26,0,0,84,54,26,12,7,2,4,1,14,11,0,0,11,14,20,10,11,7,55,39,18,45,11,8,0,0,1,1,3,3,0,0,3,4,0,0,0,0
243,2025-06-01 22:00:00,serie b superbet,brazil,round 10,ferreira y. (bra),estádio germano krüger (ponta grossa),10632,Operario-PR,Athletico-PR,2,2,1.01,0.75,14,9,4,4,1,1,1,1,1.04,1.28,6,3,4,2,8,6,5,3,1,0,0.2,0.92,1.28,1.04,42,58,18,17,326,452,252,366,0,1,60,56,26,20,0,0,49,50,14,17,3,3,1,2,9,10,0,0,10,9,8,14,7,11,42,45,36,26,6,17,0,1,0,0,2,2,0,0,3,3,1,0,0,0
244,2025-05-26 00:30:00,serie b superbet,brazil,round 9,oliveira m. (bra),estádio municipal carlos zamith (manaus),10000,Amazonas,Operario-PR,2,0,1.97,1.09,12,13,5,1,4,0,4,10,2.06,0.2,6,4,1,8,11,9,1,4,0,0,1.63,0.69,0.2,2.06,42,58,22,17,232,333,179,272,1,0,46,48,24,21,0,0,49,53,23,23,11,8,4,1,12,8,0,0,8,12,14,13,14,12,55,36,27,10,7,5,0,0,0,0,1,3,0,0,4,1,0,0,0,0
248,2025-06-01 16:00:00,chance liga,czech republic,relegation - final,roucek k. (cze),stadion za vodojemem (chrudim),1785,Chrudim,FK Pardubice,1,0,1.65,0.65,15,8,5,2,1,0,4,8,1.42,0.13,6,5,4,1,8,7,7,1,0,2,0.92,0.69,0.13,1.42,59,41,21,21,452,310,370,223,0,0,55,82,21,32,0,0,91,46,12,17,5,5,3,2,11,14,0,0,14,11,14,9,13,7,42,38,21,21,3,5,0,0,0,0,2,4,0,0,2,4,0,1,0,0
249,2025-06-01 16:00:00,chance liga,czech republic,relegation - final,vsetecka j. (cze),stadion juliska (prague),8150,Dukla Prague,Vyskov,2,1,2.64,1.15,33,9,7,3,1,1,12,1,0.99,0.85,14,4,12,2,23,5,10,4,0,0,2.01,0.3,0.85,0.99,59,41,44,8,428,315,310,208,0,0,82,95,35,34,0,0,90,57,39,12,10,1,2,0,25,13,0,0,13,25,9,7,7,3,62,53,23,65,4,8,0,0,0,0,2,6,0,0,3,4,0,0,0,0
